{"parasha":"Lech-Lecha","study":[{"day":0,"data":{"3 Chapters:":"Chovel uMazzik - Chapter Seven, Chovel uMazzik - Chapter Eight, Rotzeach uShmirat Nefesh - Chapter One","1 Chapter:":"Sotah - Chapter Three","Daily Mitzvah:":"Day 258: Positive Commandment 236; Negative Commandment 289, 295; Note About Varying Customs","date":"Sunday, 7 Cheshvan 5787 / October 18, 2026","jumashPortion":"Parshat Lech-Lecha, 1st Portion (Bereshit (Genesis) 12:1-12:13)","tehilimPortion":"Chapters 39-43","taniaPortion":"Tanya"}},{"day":1,"data":{"3 Chapters:":"Rotzeach uShmirat Nefesh - Chapter Two, Rotzeach uShmirat Nefesh - Chapter Three, Rotzeach uShmirat Nefesh - Chapter Four","1 Chapter:":"Sotah - Chapter Four","Daily Mitzvah:":"Day 259: Positive Commandment 225; Negative Commandment 296, 292; Note About Varying Customs","date":"Monday, 8 Cheshvan 5787 / October 19, 2026","jumashPortion":"Parshat Lech-Lecha, 2nd Portion (Bereshit (Genesis) 12:14-13:4)","tehilimPortion":"Chapters 44-48","taniaPortion":"Tanya"}},{"day":2,"data":{"3 Chapters:":"Rotzeach uShmirat Nefesh - Chapter Five, Rotzeach uShmirat Nefesh - Chapter Six, Rotzeach uShmirat Nefesh - Chapter Seven","1 Chapter:":"Issurei Biah - Chapter One","Daily Mitzvah:":"Day 260: Positive Commandment 247; Negative Commandment 293, 297; Positive Commandment 182","date":"Tuesday, 9 Cheshvan 5787 / October 20, 2026","jumashPortion":"Parshat Lech-Lecha, 3rd Portion (Bereshit (Genesis) 13:5-13:18)","tehilimPortion":"Chapters 49-54","taniaPortion":"Tanya"}},{"day":3,"data":{"3 Chapters:":"Rotzeach uShmirat Nefesh - Chapter Eight, Rotzeach uShmirat Nefesh - Chapter Nine, Rotzeach uShmirat Nefesh - Chapter Ten","1 Chapter:":"Issurei Biah - Chapter Two","Daily Mitzvah:":"Day 261: Positive Commandment 181; Negative Commandment 309, 298; Positive Commandment 184","date":"Wednesday, 10 Cheshvan 5787 / October 21, 2026","jumashPortion":"Parshat Lech-Lecha, 4th Portion (Bereshit (Genesis) 14:1-14:20)","tehilimPortion":"Chapters 55-59","taniaPortion":"Tanya"}},{"day":4,"data":{"3 Chapters:":"Rotzeach uShmirat Nefesh - Chapter Eleven, Rotzeach uShmirat Nefesh - Chapter Twelve, Rotzeach uShmirat Nefesh - Chapter Thirteen","1 Chapter:":"Issurei Biah - Chapter Three","Daily Mitzvah:":"Day 262: Negative Commandment 299; Positive Commandment 202, 203; Negative Commandment 270","date":"Thursday, 11 Cheshvan 5787 / October 22, 2026","jumashPortion":"Parshat Lech-Lecha, 5th Portion (Bereshit (Genesis) 14:21-15:6)","tehilimPortion":"Chapters 60-65","taniaPortion":"Tanya"}},{"day":5,"data":{"3 Chapters:":"Mechirah - Chapter One, Mechirah - Chapter Two, Mechirah - Chapter Three","1 Chapter:":"Issurei Biah - Chapter Four","Daily Mitzvah:":"Day 263: Positive Commandment 245","date":"Friday, 12 Cheshvan 5787 / October 23, 2026","jumashPortion":"Parshat Lech-Lecha, 6th Portion (Bereshit (Genesis) 15:7-17:6)","tehilimPortion":"Chapters 66-68","taniaPortion":"Tanya"}},{"day":6,"data":{"3 Chapters:":"Mechirah - Chapter Four, Mechirah - Chapter Five, Mechirah - Chapter Six","1 Chapter:":"Issurei Biah - Chapter Five","Daily Mitzvah:":"Day 264: Positive Commandment 245","date":"Shabbat, 13 Cheshvan 5787 / October 24, 2026","jumashPortion":"Parshat Lech-Lecha, 7th Portion (Bereshit (Genesis) 17:7-17:27)","tehilimPortion":"Chapters 69-71","taniaPortion":"Tanya"}}],"velas":[{"locationName":"argentina - buenos aires","time":{"shabbat: Cheshvan 12, 5787 - Friday, October 23, 2026":{"Candle Lighting":"6:57 PM"},"shabbat: Cheshvan 13, 5787 - Saturday, October 24, 2026":{"Shabbat Ends":"7:55 PM"}},"url":"https://www.chabad.org/webservices/Zmanim/CandleLighting/Load_CandleLightingWeeks?locationid=90&locationtype=1&save=1&tdate=10-18-2026"},{"locationName":"argentina - cordoba","time":{"shabbat: Cheshvan 12, 5787 - Friday, October 23, 2026":{"Candle Lighting":"7:16 PM"},"shabbat: Cheshvan 13, 5787 - Saturday, October 24, 2026":{"Shabbat Ends":"8:12 PM"}},"url":"https://www.chabad.org/webservices/Zmanim/CandleLighting/Load_CandleLightingWeeks?locationid=135&locationtype=1&save=1&tdate=10-18-2026"},{"locationName":"argentina - rosario","time":{"shabbat: Cheshvan 12, 5787 - Friday, October 23, 2026":{"Candle Lighting":"7:04 PM"},"shabbat: Cheshvan 13, 5787 - Saturday, October 24, 2026":{"Shabbat Ends":"8:01 PM"}},"url":"https://www.chabad.org/webservices/Zmanim/CandleLighting/Load_CandleLightingWeeks?locationid=746&locationtype=1&save=1&tdate=10-18-2026"},{"locationName":"argentina - tucuman","time":{"shabbat: Cheshvan 12, 5787 - Friday, October 23, 2026":{"Candle Lighting":"7:15 PM"},"shabbat: Cheshvan 13, 5787 - Saturday, October 24, 2026":{"Shabbat Ends":"8:09 PM"}},"url":"https://www.chabad.org/webservices/Zmanim/CandleLighting/Load_CandleLightingWeeks?locationid=837&locationtype=1&save=1&tdate=10-18-2026"},{"locationName":"chile - santiago","time":{"shabbat: Cheshvan 12, 5787 - Friday, October 23, 2026":{"Candle Lighting":"7:44 PM"},"shabbat: Cheshvan 13, 5787 - Saturday, October 24, 2026":{"Shabbat Ends":"8:42 PM"}},"url":"https://www.chabad.org/webservices/Zmanim/CandleLighting/Load_CandleLightingWeeks?locationid=482&locationtype=1&save=1&tdate=10-18-2026"},{"locationName":"colombia - bogota","time":{"shabbat: Cheshvan 12, 5787 - Friday, October 23, 2026":{"Candle Lighting":"5:22 PM"},"shabbat: Cheshvan 13, 5787 - Saturday, October 24, 2026":{"Shabbat Ends":"6:11 PM"}},"url":"https://www.chabad.org/webservices/Zmanim/CandleLighting/Load_CandleLightingWeeks?locationid=66&locationtype=1&save=1&tdate=10-18-2026"},{"locationName":"colombia - medellin","time":{"shabbat: Cheshvan 12, 5787 - Friday, October 23, 2026":{"Candle Lighting":"5:27 PM"},"shabbat: Cheshvan 13, 5787 - Saturday, October 24, 2026":{"Shabbat Ends":"6:16 PM"}},"url":"https://www.chabad.org/webservices/Zmanim/CandleLighting/Load_CandleLightingWeeks?locationid=326&locationtype=1&save=1&tdate=10-18-2026"},{"locationName":"costa rica - san jose","time":{"shabbat: Cheshvan 12, 5787 - Friday, October 23, 2026":{"Candle Lighting":"4:58 PM"},"shabbat: Cheshvan 13, 5787 - Saturday, October 24, 2026":{"Shabbat Ends":"5:47 PM"}},"url":"https://www.chabad.org/webservices/Zmanim/CandleLighting/Load_CandleLightingWeeks?locationid=621&locationtype=1&save=1&tdate=10-18-2026"},{"locationName":"españa - barcelona","time":{"shabbat: Cheshvan 12, 5787 - Friday, October 23, 2026":{"Candle Lighting":"6:41 PM"},"shabbat: Cheshvan 13, 5787 - Saturday, October 24, 2026":{"Shabbat Ends":"7:39 PM"}},"url":"https://www.chabad.org/webservices/Zmanim/CandleLighting/Load_CandleLightingWeeks?locationid=44&locationtype=1&save=1&tdate=10-18-2026"},{"locationName":"españa - madrid","time":{"shabbat: Cheshvan 12, 5787 - Friday, October 23, 2026":{"Candle Lighting":"7:05 PM"},"shabbat: Cheshvan 13, 5787 - Saturday, October 24, 2026":{"Shabbat Ends":"8:03 PM"}},"url":"https://www.chabad.org/webservices/Zmanim/CandleLighting/Load_CandleLightingWeeks?locationid=314&locationtype=1&save=1&tdate=10-18-2026"},{"locationName":"estados unidos - New York","time":{"shabbat: Cheshvan 12, 5787 - Friday, October 23, 2026":{"Candle Lighting":"5:46 PM"},"shabbat: Cheshvan 13, 5787 - Saturday, October 24, 2026":{"Shabbat Ends":"6:44 PM"}},"url":"https://www.chabad.org/webservices/Zmanim/CandleLighting/Load_CandleLightingWeeks?locationid=370&locationtype=1&save=1&tdate=10-18-2026"},{"locationName":"estados unidos - miami florida","time":{"shabbat: Cheshvan 12, 5787 - Friday, October 23, 2026":{"Candle Lighting":"6:28 PM"},"shabbat: Cheshvan 13, 5787 - Saturday, October 24, 2026":{"Shabbat Ends":"7:20 PM"}},"url":"https://www.chabad.org/webservices/Zmanim/CandleLighting/Load_CandleLightingWeeks?locationid=331&locationtype=1&save=1&tdate=10-18-2026"},{"locationName":"israel - raanana","time":{"shabbat: Cheshvan 12, 5787 - Friday, October 23, 2026":{"Candle Lighting":"5:39 PM"},"shabbat: Cheshvan 13, 5787 - Saturday, October 24, 2026":{"Shabbat Ends":"6:35 PM"}},"url":"https://www.chabad.org/webservices/Zmanim/CandleLighting/Load_CandleLightingWeeks?locationid=937&locationtype=1&save=1&tdate=10-18-2026"},{"locationName":"israel - ierushalaim","time":{"shabbat: Cheshvan 12, 5787 - Friday, October 23, 2026":{"Candle Lighting":"5:18 PM"},"shabbat: Cheshvan 13, 5787 - Saturday, October 24, 2026":{"Shabbat Ends":"6:34 PM"}},"url":"https://www.chabad.org/webservices/Zmanim/CandleLighting/Load_CandleLightingWeeks?locationid=247&locationtype=1&save=1&tdate=10-18-2026"},{"locationName":"israel - migdal haemek","time":{"shabbat: Cheshvan 12, 5787 - Friday, October 23, 2026":{"Candle Lighting":"5:27 PM"},"shabbat: Cheshvan 13, 5787 - Saturday, October 24, 2026":{"Shabbat Ends":"6:33 PM"}},"url":"https://www.chabad.org/webservices/Zmanim/CandleLighting/Load_CandleLightingWeeks?locationid=1470&locationtype=1&save=1&tdate=10-18-2026"},{"locationName":"mexico - mexico city","time":{"shabbat: Cheshvan 12, 5787 - Friday, October 23, 2026":{"Candle Lighting":"5:50 PM"},"shabbat: Cheshvan 13, 5787 - Saturday, October 24, 2026":{"Shabbat Ends":"6:40 PM"}},"url":"https://www.chabad.org/webservices/Zmanim/CandleLighting/Load_CandleLightingWeeks?locationid=330&locationtype=1&save=1&tdate=10-18-2026"},{"locationName":"panama - panama city","time":{"shabbat: Cheshvan 12, 5787 - Friday, October 23, 2026":{"Candle Lighting":"5:40 PM"},"shabbat: Cheshvan 13, 5787 - Saturday, October 24, 2026":{"Shabbat Ends":"6:30 PM"}},"url":"https://www.chabad.org/webservices/Zmanim/CandleLighting/Load_CandleLightingWeeks?locationid=392&locationtype=1&save=1&tdate=10-18-2026"},{"locationName":"peru - lima","time":{"shabbat: Cheshvan 12, 5787 - Friday, October 23, 2026":{"Candle Lighting":"5:48 PM"},"shabbat: Cheshvan 13, 5787 - Saturday, October 24, 2026":{"Shabbat Ends":"6:38 PM"}},"url":"https://www.chabad.org/webservices/Zmanim/CandleLighting/Load_CandleLightingWeeks?locationid=295&locationtype=1&save=1&tdate=10-18-2026"},{"locationName":"uruguay - montevideo","time":{"shabbat: Cheshvan 12, 5787 - Friday, October 23, 2026":{"Candle Lighting":"6:48 PM"},"shabbat: Cheshvan 13, 5787 - Saturday, October 24, 2026":{"Shabbat Ends":"7:46 PM"}},"url":"https://www.chabad.org/webservices/Zmanim/CandleLighting/Load_CandleLightingWeeks?locationid=342&locationtype=1&save=1&tdate=10-18-2026"},{"locationName":"venezuela - caracas","time":{"shabbat: Cheshvan 12, 5787 - Friday, October 23, 2026":{"Candle Lighting":"5:49 PM"},"shabbat: Cheshvan 13, 5787 - Saturday, October 24, 2026":{"Shabbat Ends":"6:38 PM"}},"url":"https://www.chabad.org/webservices/Zmanim/CandleLighting/Load_CandleLightingWeeks?locationid=105&locationtype=1&save=1&tdate=10-18-2026"}]}