{"parasha":"Vayeira","study":[{"day":0,"data":{"3 Chapters:":"Mechirah - Chapter Seven, Mechirah - Chapter Eight, Mechirah - Chapter Nine","1 Chapter:":"Issurei Biah - Chapter Six","Daily Mitzvah:":"Day 265: Negative Commandment 250","date":"Sunday, 14 Cheshvan 5787 / October 25, 2026","jumashPortion":"Parshat Vayeira, 1st Portion (Bereshit (Genesis) 18:1-18:14)","tehilimPortion":"Chapters 72-76","taniaPortion":"Tanya"}},{"day":1,"data":{"3 Chapters:":"Mechirah - Chapter Ten, Mechirah - Chapter Eleven, Mechirah - Chapter Twelve","1 Chapter:":"Issurei Biah - Chapter Seven","Daily Mitzvah:":"Day 266: Negative Commandment 250","date":"Monday, 15 Cheshvan 5787 / October 26, 2026","jumashPortion":"Parshat Vayeira, 2nd Portion (Bereshit (Genesis) 18:15-18:33)","tehilimPortion":"Chapters 77-78","taniaPortion":"Tanya"}},{"day":2,"data":{"3 Chapters:":"Mechirah - Chapter Thirteen, Mechirah - Chapter Fourteen, Mechirah - Chapter Fifteen","1 Chapter:":"Issurei Biah - Chapter Eight","Daily Mitzvah:":"Day 267: Negative Commandment 251","date":"Tuesday, 16 Cheshvan 5787 / October 27, 2026","jumashPortion":"Parshat Vayeira, 3rd Portion (Bereshit (Genesis) 19:1-19:20)","tehilimPortion":"Chapters 79-82","taniaPortion":"Tanya"}},{"day":3,"data":{"3 Chapters:":"Mechirah - Chapter Sixteen, Mechirah - Chapter Seventeen, Mechirah - Chapter Eighteen","1 Chapter:":"Issurei Biah - Chapter Nine","Daily Mitzvah:":"Day 268: Negative Commandment 251","date":"Wednesday, 17 Cheshvan 5787 / October 28, 2026","jumashPortion":"Parshat Vayeira, 4th Portion (Bereshit (Genesis) 19:21-21:4)","tehilimPortion":"Chapters 83-87","taniaPortion":"Tanya"}},{"day":4,"data":{"3 Chapters:":"Mechirah - Chapter Nineteen, Mechirah - Chapter Twenty, Mechirah - Chapter Twenty One","1 Chapter:":"Issurei Biah - Chapter Ten","Daily Mitzvah:":"Day 269: Negative Commandment 253","date":"Thursday, 18 Cheshvan 5787 / October 29, 2026","jumashPortion":"Parshat Vayeira, 5th Portion (Bereshit (Genesis) 21:5-21:21)","tehilimPortion":"Chapters 88-89","taniaPortion":"Tanya"}},{"day":5,"data":{"3 Chapters:":"Mechirah - Chapter Twenty Two, Mechirah - Chapter Twenty Three, Mechirah - Chapter Twenty Four","1 Chapter:":"Issurei Biah - Chapter Eleven","Daily Mitzvah:":"Day 270: Negative Commandment 253","date":"Friday, 19 Cheshvan 5787 / October 30, 2026","jumashPortion":"Parshat Vayeira, 6th Portion (Bereshit (Genesis) 21:22-21:34)","tehilimPortion":"Chapters 90-96","taniaPortion":"Tanya"}},{"day":6,"data":{"3 Chapters:":"Mechirah - Chapter Twenty Five, Mechirah - Chapter Twenty Six, Mechirah - Chapter Twenty Seven","1 Chapter:":"Issurei Biah - Chapter Twelve","Daily Mitzvah:":"Day 271: Negative Commandment 252","date":"Shabbat, 20 Cheshvan 5787 / October 31, 2026","jumashPortion":"Parshat Vayeira, 7th Portion (Bereshit (Genesis) 22:1-22:24)","tehilimPortion":"Chapters 97-103","taniaPortion":"Tanya"}}],"velas":[{"locationName":"argentina - buenos aires","time":{"shabbat: Cheshvan 19, 5787 - Friday, October 30, 2026":{"Candle Lighting":"7:03 PM"},"shabbat: Cheshvan 20, 5787 - Saturday, October 31, 2026":{"Shabbat Ends":"8:02 PM"}},"url":"https://www.chabad.org/webservices/Zmanim/CandleLighting/Load_CandleLightingWeeks?locationid=90&locationtype=1&save=1&tdate=10-25-2026"},{"locationName":"argentina - cordoba","time":{"shabbat: Cheshvan 19, 5787 - Friday, October 30, 2026":{"Candle Lighting":"7:21 PM"},"shabbat: Cheshvan 20, 5787 - Saturday, October 31, 2026":{"Shabbat Ends":"8:18 PM"}},"url":"https://www.chabad.org/webservices/Zmanim/CandleLighting/Load_CandleLightingWeeks?locationid=135&locationtype=1&save=1&tdate=10-25-2026"},{"locationName":"argentina - rosario","time":{"shabbat: Cheshvan 19, 5787 - Friday, October 30, 2026":{"Candle Lighting":"7:10 PM"},"shabbat: Cheshvan 20, 5787 - Saturday, October 31, 2026":{"Shabbat Ends":"8:07 PM"}},"url":"https://www.chabad.org/webservices/Zmanim/CandleLighting/Load_CandleLightingWeeks?locationid=746&locationtype=1&save=1&tdate=10-25-2026"},{"locationName":"argentina - tucuman","time":{"shabbat: Cheshvan 19, 5787 - Friday, October 30, 2026":{"Candle Lighting":"7:19 PM"},"shabbat: Cheshvan 20, 5787 - Saturday, October 31, 2026":{"Shabbat Ends":"8:14 PM"}},"url":"https://www.chabad.org/webservices/Zmanim/CandleLighting/Load_CandleLightingWeeks?locationid=837&locationtype=1&save=1&tdate=10-25-2026"},{"locationName":"chile - santiago","time":{"shabbat: Cheshvan 19, 5787 - Friday, October 30, 2026":{"Candle Lighting":"7:50 PM"},"shabbat: Cheshvan 20, 5787 - Saturday, October 31, 2026":{"Shabbat Ends":"8:49 PM"}},"url":"https://www.chabad.org/webservices/Zmanim/CandleLighting/Load_CandleLightingWeeks?locationid=482&locationtype=1&save=1&tdate=10-25-2026"},{"locationName":"colombia - bogota","time":{"shabbat: Cheshvan 19, 5787 - Friday, October 30, 2026":{"Candle Lighting":"5:21 PM"},"shabbat: Cheshvan 20, 5787 - Saturday, October 31, 2026":{"Shabbat Ends":"6:10 PM"}},"url":"https://www.chabad.org/webservices/Zmanim/CandleLighting/Load_CandleLightingWeeks?locationid=66&locationtype=1&save=1&tdate=10-25-2026"},{"locationName":"colombia - medellin","time":{"shabbat: Cheshvan 19, 5787 - Friday, October 30, 2026":{"Candle Lighting":"5:25 PM"},"shabbat: Cheshvan 20, 5787 - Saturday, October 31, 2026":{"Shabbat Ends":"6:15 PM"}},"url":"https://www.chabad.org/webservices/Zmanim/CandleLighting/Load_CandleLightingWeeks?locationid=326&locationtype=1&save=1&tdate=10-25-2026"},{"locationName":"costa rica - san jose","time":{"shabbat: Cheshvan 19, 5787 - Friday, October 30, 2026":{"Candle Lighting":"4:55 PM"},"shabbat: Cheshvan 20, 5787 - Saturday, October 31, 2026":{"Shabbat Ends":"5:45 PM"}},"url":"https://www.chabad.org/webservices/Zmanim/CandleLighting/Load_CandleLightingWeeks?locationid=621&locationtype=1&save=1&tdate=10-25-2026"},{"locationName":"españa - barcelona","time":{"shabbat: Cheshvan 19, 5787 - Friday, October 30, 2026":{"Candle Lighting":"5:31 PM"},"shabbat: Cheshvan 20, 5787 - Saturday, October 31, 2026":{"Shabbat Ends":"6:30 PM"}},"url":"https://www.chabad.org/webservices/Zmanim/CandleLighting/Load_CandleLightingWeeks?locationid=44&locationtype=1&save=1&tdate=10-25-2026"},{"locationName":"españa - madrid","time":{"shabbat: Cheshvan 19, 5787 - Friday, October 30, 2026":{"Candle Lighting":"5:56 PM"},"shabbat: Cheshvan 20, 5787 - Saturday, October 31, 2026":{"Shabbat Ends":"6:55 PM"}},"url":"https://www.chabad.org/webservices/Zmanim/CandleLighting/Load_CandleLightingWeeks?locationid=314&locationtype=1&save=1&tdate=10-25-2026"},{"locationName":"estados unidos - New York","time":{"shabbat: Cheshvan 19, 5787 - Friday, October 30, 2026":{"Candle Lighting":"5:36 PM"},"shabbat: Cheshvan 20, 5787 - Saturday, October 31, 2026":{"Shabbat Ends":"6:35 PM"}},"url":"https://www.chabad.org/webservices/Zmanim/CandleLighting/Load_CandleLightingWeeks?locationid=370&locationtype=1&save=1&tdate=10-25-2026"},{"locationName":"estados unidos - miami florida","time":{"shabbat: Cheshvan 19, 5787 - Friday, October 30, 2026":{"Candle Lighting":"6:22 PM"},"shabbat: Cheshvan 20, 5787 - Saturday, October 31, 2026":{"Shabbat Ends":"7:15 PM"}},"url":"https://www.chabad.org/webservices/Zmanim/CandleLighting/Load_CandleLightingWeeks?locationid=331&locationtype=1&save=1&tdate=10-25-2026"},{"locationName":"israel - raanana","time":{"shabbat: Cheshvan 19, 5787 - Friday, October 30, 2026":{"Candle Lighting":"4:32 PM"},"shabbat: Cheshvan 20, 5787 - Saturday, October 31, 2026":{"Shabbat Ends":"5:29 PM"}},"url":"https://www.chabad.org/webservices/Zmanim/CandleLighting/Load_CandleLightingWeeks?locationid=937&locationtype=1&save=1&tdate=10-25-2026"},{"locationName":"israel - ierushalaim","time":{"shabbat: Cheshvan 19, 5787 - Friday, October 30, 2026":{"Candle Lighting":"4:12 PM"},"shabbat: Cheshvan 20, 5787 - Saturday, October 31, 2026":{"Shabbat Ends":"5:28 PM"}},"url":"https://www.chabad.org/webservices/Zmanim/CandleLighting/Load_CandleLightingWeeks?locationid=247&locationtype=1&save=1&tdate=10-25-2026"},{"locationName":"israel - migdal haemek","time":{"shabbat: Cheshvan 19, 5787 - Friday, October 30, 2026":{"Candle Lighting":"4:20 PM"},"shabbat: Cheshvan 20, 5787 - Saturday, October 31, 2026":{"Shabbat Ends":"5:27 PM"}},"url":"https://www.chabad.org/webservices/Zmanim/CandleLighting/Load_CandleLightingWeeks?locationid=1470&locationtype=1&save=1&tdate=10-25-2026"},{"locationName":"mexico - mexico city","time":{"shabbat: Cheshvan 19, 5787 - Friday, October 30, 2026":{"Candle Lighting":"5:46 PM"},"shabbat: Cheshvan 20, 5787 - Saturday, October 31, 2026":{"Shabbat Ends":"6:37 PM"}},"url":"https://www.chabad.org/webservices/Zmanim/CandleLighting/Load_CandleLightingWeeks?locationid=330&locationtype=1&save=1&tdate=10-25-2026"},{"locationName":"panama - panama city","time":{"shabbat: Cheshvan 19, 5787 - Friday, October 30, 2026":{"Candle Lighting":"5:38 PM"},"shabbat: Cheshvan 20, 5787 - Saturday, October 31, 2026":{"Shabbat Ends":"6:28 PM"}},"url":"https://www.chabad.org/webservices/Zmanim/CandleLighting/Load_CandleLightingWeeks?locationid=392&locationtype=1&save=1&tdate=10-25-2026"},{"locationName":"peru - lima","time":{"shabbat: Cheshvan 19, 5787 - Friday, October 30, 2026":{"Candle Lighting":"5:50 PM"},"shabbat: Cheshvan 20, 5787 - Saturday, October 31, 2026":{"Shabbat Ends":"6:40 PM"}},"url":"https://www.chabad.org/webservices/Zmanim/CandleLighting/Load_CandleLightingWeeks?locationid=295&locationtype=1&save=1&tdate=10-25-2026"},{"locationName":"uruguay - montevideo","time":{"shabbat: Cheshvan 19, 5787 - Friday, October 30, 2026":{"Candle Lighting":"6:55 PM"},"shabbat: Cheshvan 20, 5787 - Saturday, October 31, 2026":{"Shabbat Ends":"7:54 PM"}},"url":"https://www.chabad.org/webservices/Zmanim/CandleLighting/Load_CandleLightingWeeks?locationid=342&locationtype=1&save=1&tdate=10-25-2026"},{"locationName":"venezuela - caracas","time":{"shabbat: Cheshvan 19, 5787 - Friday, October 30, 2026":{"Candle Lighting":"5:46 PM"},"shabbat: Cheshvan 20, 5787 - Saturday, October 31, 2026":{"Shabbat Ends":"6:36 PM"}},"url":"https://www.chabad.org/webservices/Zmanim/CandleLighting/Load_CandleLightingWeeks?locationid=105&locationtype=1&save=1&tdate=10-25-2026"}]}