{"parasha":"Shemini Atzeret - Vezot Hab'rachah","study":[{"day":0,"data":{"3 Chapters:":"Hilchot Nizkei Mamon - Chapter Six, Hilchot Nizkei Mamon - Chapter Seven, Hilchot Nizkei Mamon - Chapter Eight","1 Chapter:":"Gerushin - Chapter Thirteen","Daily Mitzvah:":"Day 244: Positive Commandment 238","date":"Sunday, 23 Tishrei 5787 / October 4, 2026","jumashPortion":"Parshat Vezot Hab'rachah, 1st-7th Portion (Devarim (Deuteronomy) 33:1-34:12); Bereishit, 1st Portion (Bereshit (Genesis) 1:1-2:3)","tehilimPortion":"Chapters 108-112","taniaPortion":"Tanya"}},{"day":1,"data":{"3 Chapters:":"Hilchot Nizkei Mamon - Chapter Nine, Hilchot Nizkei Mamon - Chapter Ten, Hilchot Nizkei Mamon - Chapter Eleven","1 Chapter:":"Yibbum vChalitzah - Chapter One","Daily Mitzvah:":"Day 245: Positive Commandment 241","date":"Monday, 24 Tishrei 5787 / October 5, 2026","jumashPortion":"Parshat Bereishit, 2nd Portion (Bereshit (Genesis) 2:4-2:19)","tehilimPortion":"Chapters 113-118","taniaPortion":"Tanya"}},{"day":2,"data":{"3 Chapters:":"Hilchot Nizkei Mamon - Chapter Twelve, Hilchot Nizkei Mamon - Chapter Thirteen, Hilchot Nizkei Mamon - Chapter Fourteen","1 Chapter:":"Yibbum vChalitzah - Chapter Two","Daily Mitzvah:":"Day 246: Positive Commandment 241","date":"Tuesday, 25 Tishrei 5787 / October 6, 2026","jumashPortion":"Parshat Bereishit, 3rd Portion (Bereshit (Genesis) 2:20-3:21)","tehilimPortion":"Tehillim - Psalms","taniaPortion":"Tanya"}},{"day":3,"data":{"3 Chapters:":"Genevah - Chapter One, Genevah - Chapter Two, Genevah - Chapter Three","1 Chapter:":"Yibbum vChalitzah - Chapter Three","Daily Mitzvah:":"Day 247: Negative Commandment 244; Positive Commandment 239","date":"Wednesday, 26 Tishrei 5787 / October 7, 2026","jumashPortion":"Parshat Bereishit, 4th Portion (Bereshit (Genesis) 3:22-4:18)","tehilimPortion":"Tehillim - Psalms","taniaPortion":"Tanya"}},{"day":4,"data":{"3 Chapters:":"Genevah - Chapter Four, Genevah - Chapter Five, Genevah - Chapter Six","1 Chapter:":"Yibbum vChalitzah - Chapter Four","Daily Mitzvah:":"Day 248: Positive Commandment 208; Negative Commandment 271, 272","date":"Thursday, 27 Tishrei 5787 / October 8, 2026","jumashPortion":"Parshat Bereishit, 5th Portion (Bereshit (Genesis) 4:19-4:22)","tehilimPortion":"Chapters 120-134","taniaPortion":"Tanya"}},{"day":5,"data":{"3 Chapters:":"Genevah - Chapter Seven, Genevah - Chapter Eight, Genevah - Chapter Nine","1 Chapter:":"Yibbum vChalitzah - Chapter Five","Daily Mitzvah:":"Day 249: Negative Commandment 246, 243","date":"Friday, 28 Tishrei 5787 / October 9, 2026","jumashPortion":"Parshat Bereishit, 6th Portion (Bereshit (Genesis) 4:23-5:24)","tehilimPortion":"Chapters 135-139","taniaPortion":"Tanya"}},{"day":6,"data":{"3 Chapters:":"Gezelah va'Avedah - Chapter One, Gezelah va'Avedah - Chapter Two, Gezelah va'Avedah - Chapter Three","1 Chapter:":"Yibbum vChalitzah - Chapter Six","Daily Mitzvah:":"Day 250: Negative Commandment 245","date":"Shabbat, 29 Tishrei 5787 / October 10, 2026","jumashPortion":"Parshat Bereishit, 7th Portion (Bereshit (Genesis) 5:25-6:8)","tehilimPortion":"Chapters 140-144","taniaPortion":"Tanya"}}],"velas":[{"locationName":"argentina - buenos aires","time":{"holiday: Tishrei 21, 5787 - Friday, October 2, 2026":{"Candle Lighting":"6:40 PM"},"holiday: Tishrei 22, 5787 - Saturday, October 3, 2026":{"Candle Lighting after":"7:36 PM"},"holiday: Tishrei 23, 5787 - Sunday, October 4, 2026":{"Holiday Ends":"7:37 PM"},"shabbat: Tishrei 28, 5787 - Friday, October 9, 2026":{"Candle Lighting":"6:45 PM"},"shabbat: Tishrei 29, 5787 - Saturday, October 10, 2026":{"Shabbat Ends":"7:42 PM"}},"url":"https://www.chabad.org/webservices/Zmanim/CandleLighting/Load_CandleLightingWeeks?locationid=90&locationtype=1&save=1&tdate=10-4-2026"},{"locationName":"argentina - cordoba","time":{"holiday: Tishrei 21, 5787 - Friday, October 2, 2026":{"Candle Lighting":"7:01 PM"},"holiday: Tishrei 22, 5787 - Saturday, October 3, 2026":{"Candle Lighting after":"7:56 PM"},"holiday: Tishrei 23, 5787 - Sunday, October 4, 2026":{"Holiday Ends":"7:57 PM"},"shabbat: Tishrei 28, 5787 - Friday, October 9, 2026":{"Candle Lighting":"7:06 PM"},"shabbat: Tishrei 29, 5787 - Saturday, October 10, 2026":{"Shabbat Ends":"8:01 PM"}},"url":"https://www.chabad.org/webservices/Zmanim/CandleLighting/Load_CandleLightingWeeks?locationid=135&locationtype=1&save=1&tdate=10-4-2026"},{"locationName":"argentina - rosario","time":{"holiday: Tishrei 21, 5787 - Friday, October 2, 2026":{"Candle Lighting":"6:48 PM"},"holiday: Tishrei 22, 5787 - Saturday, October 3, 2026":{"Candle Lighting after":"7:43 PM"},"holiday: Tishrei 23, 5787 - Sunday, October 4, 2026":{"Holiday Ends":"7:44 PM"},"shabbat: Tishrei 28, 5787 - Friday, October 9, 2026":{"Candle Lighting":"6:53 PM"},"shabbat: Tishrei 29, 5787 - Saturday, October 10, 2026":{"Shabbat Ends":"7:49 PM"}},"url":"https://www.chabad.org/webservices/Zmanim/CandleLighting/Load_CandleLightingWeeks?locationid=746&locationtype=1&save=1&tdate=10-4-2026"},{"locationName":"argentina - tucuman","time":{"holiday: Tishrei 21, 5787 - Friday, October 2, 2026":{"Candle Lighting":"7:04 PM"},"holiday: Tishrei 22, 5787 - Saturday, October 3, 2026":{"Candle Lighting after":"7:57 PM"},"holiday: Tishrei 23, 5787 - Sunday, October 4, 2026":{"Holiday Ends":"7:57 PM"},"shabbat: Tishrei 28, 5787 - Friday, October 9, 2026":{"Candle Lighting":"7:07 PM"},"shabbat: Tishrei 29, 5787 - Saturday, October 10, 2026":{"Shabbat Ends":"8:01 PM"}},"url":"https://www.chabad.org/webservices/Zmanim/CandleLighting/Load_CandleLightingWeeks?locationid=837&locationtype=1&save=1&tdate=10-4-2026"},{"locationName":"chile - santiago","time":{"holiday: Tishrei 21, 5787 - Friday, October 2, 2026":{"Candle Lighting":"7:28 PM"},"holiday: Tishrei 22, 5787 - Saturday, October 3, 2026":{"Candle Lighting after":"8:24 PM"},"holiday: Tishrei 23, 5787 - Sunday, October 4, 2026":{"Holiday Ends":"8:25 PM"},"shabbat: Tishrei 28, 5787 - Friday, October 9, 2026":{"Candle Lighting":"7:33 PM"},"shabbat: Tishrei 29, 5787 - Saturday, October 10, 2026":{"Shabbat Ends":"8:30 PM"}},"url":"https://www.chabad.org/webservices/Zmanim/CandleLighting/Load_CandleLightingWeeks?locationid=482&locationtype=1&save=1&tdate=10-4-2026"},{"locationName":"colombia - bogota","time":{"holiday: Tishrei 21, 5787 - Friday, October 2, 2026":{"Candle Lighting":"5:30 PM"},"holiday: Tishrei 22, 5787 - Saturday, October 3, 2026":{"Candle Lighting after":"6:18 PM"},"holiday: Tishrei 23, 5787 - Sunday, October 4, 2026":{"Holiday Ends":"6:18 PM"},"shabbat: Tishrei 28, 5787 - Friday, October 9, 2026":{"Candle Lighting":"5:27 PM"},"shabbat: Tishrei 29, 5787 - Saturday, October 10, 2026":{"Shabbat Ends":"6:15 PM"}},"url":"https://www.chabad.org/webservices/Zmanim/CandleLighting/Load_CandleLightingWeeks?locationid=66&locationtype=1&save=1&tdate=10-4-2026"},{"locationName":"colombia - medellin","time":{"holiday: Tishrei 21, 5787 - Friday, October 2, 2026":{"Candle Lighting":"5:35 PM"},"holiday: Tishrei 22, 5787 - Saturday, October 3, 2026":{"Candle Lighting after":"6:24 PM"},"holiday: Tishrei 23, 5787 - Sunday, October 4, 2026":{"Holiday Ends":"6:23 PM"},"shabbat: Tishrei 28, 5787 - Friday, October 9, 2026":{"Candle Lighting":"5:32 PM"},"shabbat: Tishrei 29, 5787 - Saturday, October 10, 2026":{"Shabbat Ends":"6:21 PM"}},"url":"https://www.chabad.org/webservices/Zmanim/CandleLighting/Load_CandleLightingWeeks?locationid=326&locationtype=1&save=1&tdate=10-4-2026"},{"locationName":"costa rica - san jose","time":{"holiday: Tishrei 21, 5787 - Friday, October 2, 2026":{"Candle Lighting":"5:08 PM"},"holiday: Tishrei 22, 5787 - Saturday, October 3, 2026":{"Candle Lighting after":"5:57 PM"},"holiday: Tishrei 23, 5787 - Sunday, October 4, 2026":{"Holiday Ends":"5:56 PM"},"shabbat: Tishrei 28, 5787 - Friday, October 9, 2026":{"Candle Lighting":"5:04 PM"},"shabbat: Tishrei 29, 5787 - Saturday, October 10, 2026":{"Shabbat Ends":"5:53 PM"}},"url":"https://www.chabad.org/webservices/Zmanim/CandleLighting/Load_CandleLightingWeeks?locationid=621&locationtype=1&save=1&tdate=10-4-2026"},{"locationName":"españa - barcelona","time":{"holiday: Tishrei 21, 5787 - Friday, October 2, 2026":{"Candle Lighting":"7:14 PM"},"holiday: Tishrei 22, 5787 - Saturday, October 3, 2026":{"Candle Lighting after":"8:11 PM"},"holiday: Tishrei 23, 5787 - Sunday, October 4, 2026":{"Holiday Ends":"8:09 PM"},"shabbat: Tishrei 28, 5787 - Friday, October 9, 2026":{"Candle Lighting":"7:02 PM"},"shabbat: Tishrei 29, 5787 - Saturday, October 10, 2026":{"Shabbat Ends":"7:59 PM"}},"url":"https://www.chabad.org/webservices/Zmanim/CandleLighting/Load_CandleLightingWeeks?locationid=44&locationtype=1&save=1&tdate=10-4-2026"},{"locationName":"españa - madrid","time":{"holiday: Tishrei 21, 5787 - Friday, October 2, 2026":{"Candle Lighting":"7:37 PM"},"holiday: Tishrei 22, 5787 - Saturday, October 3, 2026":{"Candle Lighting after":"8:34 PM"},"holiday: Tishrei 23, 5787 - Sunday, October 4, 2026":{"Holiday Ends":"8:32 PM"},"shabbat: Tishrei 28, 5787 - Friday, October 9, 2026":{"Candle Lighting":"7:26 PM"},"shabbat: Tishrei 29, 5787 - Saturday, October 10, 2026":{"Shabbat Ends":"8:23 PM"}},"url":"https://www.chabad.org/webservices/Zmanim/CandleLighting/Load_CandleLightingWeeks?locationid=314&locationtype=1&save=1&tdate=10-4-2026"},{"locationName":"estados unidos - New York","time":{"holiday: Tishrei 21, 5787 - Friday, October 2, 2026":{"Candle Lighting":"6:18 PM"},"holiday: Tishrei 22, 5787 - Saturday, October 3, 2026":{"Candle Lighting after":"7:15 PM"},"holiday: Tishrei 23, 5787 - Sunday, October 4, 2026":{"Holiday Ends":"7:13 PM"},"shabbat: Tishrei 28, 5787 - Friday, October 9, 2026":{"Candle Lighting":"6:07 PM"},"shabbat: Tishrei 29, 5787 - Saturday, October 10, 2026":{"Shabbat Ends":"7:04 PM"}},"url":"https://www.chabad.org/webservices/Zmanim/CandleLighting/Load_CandleLightingWeeks?locationid=370&locationtype=1&save=1&tdate=10-4-2026"},{"locationName":"estados unidos - miami florida","time":{"holiday: Tishrei 21, 5787 - Friday, October 2, 2026":{"Candle Lighting":"6:48 PM"},"holiday: Tishrei 22, 5787 - Saturday, October 3, 2026":{"Candle Lighting after":"7:39 PM"},"holiday: Tishrei 23, 5787 - Sunday, October 4, 2026":{"Holiday Ends":"7:38 PM"},"shabbat: Tishrei 28, 5787 - Friday, October 9, 2026":{"Candle Lighting":"6:41 PM"},"shabbat: Tishrei 29, 5787 - Saturday, October 10, 2026":{"Shabbat Ends":"7:32 PM"}},"url":"https://www.chabad.org/webservices/Zmanim/CandleLighting/Load_CandleLightingWeeks?locationid=331&locationtype=1&save=1&tdate=10-4-2026"},{"locationName":"israel - raanana","time":{"shabbat: Tishrei 28, 5787 - Friday, October 9, 2026":{"Candle Lighting":"5:55 PM"},"shabbat: Tishrei 29, 5787 - Saturday, October 10, 2026":{"Shabbat Ends":"6:51 PM"}},"url":"https://www.chabad.org/webservices/Zmanim/CandleLighting/Load_CandleLightingWeeks?locationid=937&locationtype=1&save=1&tdate=10-4-2026"},{"locationName":"israel - ierushalaim","time":{"shabbat: Tishrei 28, 5787 - Friday, October 9, 2026":{"Candle Lighting":"5:34 PM"},"shabbat: Tishrei 29, 5787 - Saturday, October 10, 2026":{"Shabbat Ends":"6:49 PM"}},"url":"https://www.chabad.org/webservices/Zmanim/CandleLighting/Load_CandleLightingWeeks?locationid=247&locationtype=1&save=1&tdate=10-4-2026"},{"locationName":"israel - migdal haemek","time":{"shabbat: Tishrei 28, 5787 - Friday, October 9, 2026":{"Candle Lighting":"5:44 PM"},"shabbat: Tishrei 29, 5787 - Saturday, October 10, 2026":{"Shabbat Ends":"6:49 PM"}},"url":"https://www.chabad.org/webservices/Zmanim/CandleLighting/Load_CandleLightingWeeks?locationid=1470&locationtype=1&save=1&tdate=10-4-2026"},{"locationName":"mexico - mexico city","time":{"holiday: Tishrei 21, 5787 - Friday, October 2, 2026":{"Candle Lighting":"6:06 PM"},"holiday: Tishrei 22, 5787 - Saturday, October 3, 2026":{"Candle Lighting after":"6:56 PM"},"holiday: Tishrei 23, 5787 - Sunday, October 4, 2026":{"Holiday Ends":"6:55 PM"},"shabbat: Tishrei 28, 5787 - Friday, October 9, 2026":{"Candle Lighting":"6:00 PM"},"shabbat: Tishrei 29, 5787 - Saturday, October 10, 2026":{"Shabbat Ends":"6:50 PM"}},"url":"https://www.chabad.org/webservices/Zmanim/CandleLighting/Load_CandleLightingWeeks?locationid=330&locationtype=1&save=1&tdate=10-4-2026"},{"locationName":"panama - panama city","time":{"holiday: Tishrei 21, 5787 - Friday, October 2, 2026":{"Candle Lighting":"5:50 PM"},"holiday: Tishrei 22, 5787 - Saturday, October 3, 2026":{"Candle Lighting after":"6:39 PM"},"holiday: Tishrei 23, 5787 - Sunday, October 4, 2026":{"Holiday Ends":"6:38 PM"},"shabbat: Tishrei 28, 5787 - Friday, October 9, 2026":{"Candle Lighting":"5:47 PM"},"shabbat: Tishrei 29, 5787 - Saturday, October 10, 2026":{"Shabbat Ends":"6:35 PM"}},"url":"https://www.chabad.org/webservices/Zmanim/CandleLighting/Load_CandleLightingWeeks?locationid=392&locationtype=1&save=1&tdate=10-4-2026"},{"locationName":"peru - lima","time":{"holiday: Tishrei 21, 5787 - Friday, October 2, 2026":{"Candle Lighting":"5:46 PM"},"holiday: Tishrei 22, 5787 - Saturday, October 3, 2026":{"Candle Lighting after":"6:36 PM"},"holiday: Tishrei 23, 5787 - Sunday, October 4, 2026":{"Holiday Ends":"6:36 PM"},"shabbat: Tishrei 28, 5787 - Friday, October 9, 2026":{"Candle Lighting":"5:46 PM"},"shabbat: Tishrei 29, 5787 - Saturday, October 10, 2026":{"Shabbat Ends":"6:36 PM"}},"url":"https://www.chabad.org/webservices/Zmanim/CandleLighting/Load_CandleLightingWeeks?locationid=295&locationtype=1&save=1&tdate=10-4-2026"},{"locationName":"uruguay - montevideo","time":{"holiday: Tishrei 21, 5787 - Friday, October 2, 2026":{"Candle Lighting":"6:31 PM"},"holiday: Tishrei 22, 5787 - Saturday, October 3, 2026":{"Candle Lighting after":"7:27 PM"},"holiday: Tishrei 23, 5787 - Sunday, October 4, 2026":{"Holiday Ends":"7:28 PM"},"shabbat: Tishrei 28, 5787 - Friday, October 9, 2026":{"Candle Lighting":"6:36 PM"},"shabbat: Tishrei 29, 5787 - Saturday, October 10, 2026":{"Shabbat Ends":"7:33 PM"}},"url":"https://www.chabad.org/webservices/Zmanim/CandleLighting/Load_CandleLightingWeeks?locationid=342&locationtype=1&save=1&tdate=10-4-2026"},{"locationName":"venezuela - caracas","time":{"holiday: Tishrei 21, 5787 - Friday, October 2, 2026":{"Candle Lighting":"5:59 PM"},"holiday: Tishrei 22, 5787 - Saturday, October 3, 2026":{"Candle Lighting after":"6:48 PM"},"holiday: Tishrei 23, 5787 - Sunday, October 4, 2026":{"Holiday Ends":"6:47 PM"},"shabbat: Tishrei 28, 5787 - Friday, October 9, 2026":{"Candle Lighting":"5:55 PM"},"shabbat: Tishrei 29, 5787 - Saturday, October 10, 2026":{"Shabbat Ends":"6:44 PM"}},"url":"https://www.chabad.org/webservices/Zmanim/CandleLighting/Load_CandleLightingWeeks?locationid=105&locationtype=1&save=1&tdate=10-4-2026"}]}