{"parasha":"Vayeitzei","study":[{"day":0,"data":{"3 Chapters:":"Avadim - Chapter Four, Avadim - Chapter Five, Avadim - Chapter Six","1 Chapter:":"Ma'achalot Assurot - Chapter 5","Daily Mitzvah:":"Day 286: Positive Commandment 196; Negative Commandment 233; Positive Commandment 234, 233; Negative Commandment 261","date":"Sunday, 5 Kislev 5787 / November 15, 2026","jumashPortion":"Parshat Vayeitzei, 1st Portion (Bereshit (Genesis) 28:10-28:22)","tehilimPortion":"Chapters 29-34","taniaPortion":"Tanya"}},{"day":1,"data":{"3 Chapters:":"Avadim - Chapter Seven, Avadim - Chapter Eight, Avadim - Chapter Nine","1 Chapter:":"Ma'achalot Assurot - Chapter 6","Daily Mitzvah:":"Day 287: Positive Commandment 235; Negative Commandment 254, 255","date":"Monday, 6 Kislev 5787 / November 16, 2026","jumashPortion":"Parshat Vayeitzei, 2nd Portion (Bereshit (Genesis) 29:1-29:17)","tehilimPortion":"Chapters 35-38","taniaPortion":"Tanya"}},{"day":2,"data":{"3 Chapters:":"Sechirut - Chapter 1, Sechirut - Chapter 2, Sechirut - Chapter 3","1 Chapter:":"Ma'achalot Assurot - Chapter 7","Daily Mitzvah:":"Day 288: Positive Commandment 243","date":"Tuesday, 7 Kislev 5787 / November 17, 2026","jumashPortion":"Parshat Vayeitzei, 3rd Portion (Bereshit (Genesis) 29:18-30:13)","tehilimPortion":"Chapters 39-43","taniaPortion":"Tanya"}},{"day":3,"data":{"3 Chapters:":"Sechirut - Chapter 4, Sechirut - Chapter 5, Sechirut - Chapter 6","1 Chapter:":"Ma'achalot Assurot - Chapter 8","Daily Mitzvah:":"Day 289: Positive Commandment 200; Negative Commandment 238","date":"Wednesday, 8 Kislev 5787 / November 18, 2026","jumashPortion":"Parshat Vayeitzei, 4th Portion (Bereshit (Genesis) 30:14-30:27)","tehilimPortion":"Chapters 44-48","taniaPortion":"Tanya"}},{"day":4,"data":{"3 Chapters:":"Sechirut - Chapter 7, Sechirut - Chapter 8, Sechirut - Chapter 9","1 Chapter:":"Ma'achalot Assurot - Chapter 9","Daily Mitzvah:":"Day 290: Positive Commandment 201","date":"Thursday, 9 Kislev 5787 / November 19, 2026","jumashPortion":"Parshat Vayeitzei, 5th Portion (Bereshit (Genesis) 30:28-31:16)","tehilimPortion":"Chapters 49-54","taniaPortion":"Tanya"}},{"day":5,"data":{"3 Chapters:":"Sechirut - Chapter 10, Sechirut - Chapter 11, Sechirut - Chapter 12","1 Chapter:":"Ma'achalot Assurot - Chapter 10","Daily Mitzvah:":"Day 291: Negative Commandment 267, 268","date":"Friday, 10 Kislev 5787 / November 20, 2026","jumashPortion":"Parshat Vayeitzei, 6th Portion (Bereshit (Genesis) 31:17-31:42)","tehilimPortion":"Chapters 55-59","taniaPortion":"Tanya"}},{"day":6,"data":{"3 Chapters:":"Sechirut - Chapter 13, She'elah uFikkadon - Chapter 1, She'elah uFikkadon - Chapter 2","1 Chapter:":"Ma'achalot Assurot - Chapter 11","Daily Mitzvah:":"Day 292: Negative Commandment 219; Positive Commandment 244","date":"Shabbat, 11 Kislev 5787 / November 21, 2026","jumashPortion":"Parshat Vayeitzei, 7th Portion (Bereshit (Genesis) 31:43-32:3)","tehilimPortion":"Chapters 60-65","taniaPortion":"Tanya"}}],"velas":[{"locationName":"argentina - buenos aires","time":{"shabbat: Kislev 10, 5787 - Friday, November 20, 2026":{"Candle Lighting":"7:24 PM"},"shabbat: Kislev 11, 5787 - Saturday, November 21, 2026":{"Shabbat Ends":"8:25 PM"}},"url":"https://www.chabad.org/webservices/Zmanim/CandleLighting/Load_CandleLightingWeeks?locationid=90&locationtype=1&save=1&tdate=11-15-2026"},{"locationName":"argentina - cordoba","time":{"shabbat: Kislev 10, 5787 - Friday, November 20, 2026":{"Candle Lighting":"7:40 PM"},"shabbat: Kislev 11, 5787 - Saturday, November 21, 2026":{"Shabbat Ends":"8:39 PM"}},"url":"https://www.chabad.org/webservices/Zmanim/CandleLighting/Load_CandleLightingWeeks?locationid=135&locationtype=1&save=1&tdate=11-15-2026"},{"locationName":"argentina - rosario","time":{"shabbat: Kislev 10, 5787 - Friday, November 20, 2026":{"Candle Lighting":"7:29 PM"},"shabbat: Kislev 11, 5787 - Saturday, November 21, 2026":{"Shabbat Ends":"8:29 PM"}},"url":"https://www.chabad.org/webservices/Zmanim/CandleLighting/Load_CandleLightingWeeks?locationid=746&locationtype=1&save=1&tdate=11-15-2026"},{"locationName":"argentina - tucuman","time":{"shabbat: Kislev 10, 5787 - Friday, November 20, 2026":{"Candle Lighting":"7:35 PM"},"shabbat: Kislev 11, 5787 - Saturday, November 21, 2026":{"Shabbat Ends":"8:32 PM"}},"url":"https://www.chabad.org/webservices/Zmanim/CandleLighting/Load_CandleLightingWeeks?locationid=837&locationtype=1&save=1&tdate=11-15-2026"},{"locationName":"chile - santiago","time":{"shabbat: Kislev 10, 5787 - Friday, November 20, 2026":{"Candle Lighting":"8:10 PM"},"shabbat: Kislev 11, 5787 - Saturday, November 21, 2026":{"Shabbat Ends":"9:11 PM"}},"url":"https://www.chabad.org/webservices/Zmanim/CandleLighting/Load_CandleLightingWeeks?locationid=482&locationtype=1&save=1&tdate=11-15-2026"},{"locationName":"colombia - bogota","time":{"shabbat: Kislev 10, 5787 - Friday, November 20, 2026":{"Candle Lighting":"5:21 PM"},"shabbat: Kislev 11, 5787 - Saturday, November 21, 2026":{"Shabbat Ends":"6:12 PM"}},"url":"https://www.chabad.org/webservices/Zmanim/CandleLighting/Load_CandleLightingWeeks?locationid=66&locationtype=1&save=1&tdate=11-15-2026"},{"locationName":"colombia - medellin","time":{"shabbat: Kislev 10, 5787 - Friday, November 20, 2026":{"Candle Lighting":"5:25 PM"},"shabbat: Kislev 11, 5787 - Saturday, November 21, 2026":{"Shabbat Ends":"6:15 PM"}},"url":"https://www.chabad.org/webservices/Zmanim/CandleLighting/Load_CandleLightingWeeks?locationid=326&locationtype=1&save=1&tdate=11-15-2026"},{"locationName":"costa rica - san jose","time":{"shabbat: Kislev 10, 5787 - Friday, November 20, 2026":{"Candle Lighting":"4:53 PM"},"shabbat: Kislev 11, 5787 - Saturday, November 21, 2026":{"Shabbat Ends":"5:44 PM"}},"url":"https://www.chabad.org/webservices/Zmanim/CandleLighting/Load_CandleLightingWeeks?locationid=621&locationtype=1&save=1&tdate=11-15-2026"},{"locationName":"españa - barcelona","time":{"shabbat: Kislev 10, 5787 - Friday, November 20, 2026":{"Candle Lighting":"5:10 PM"},"shabbat: Kislev 11, 5787 - Saturday, November 21, 2026":{"Shabbat Ends":"6:12 PM"}},"url":"https://www.chabad.org/webservices/Zmanim/CandleLighting/Load_CandleLightingWeeks?locationid=44&locationtype=1&save=1&tdate=11-15-2026"},{"locationName":"españa - madrid","time":{"shabbat: Kislev 10, 5787 - Friday, November 20, 2026":{"Candle Lighting":"5:36 PM"},"shabbat: Kislev 11, 5787 - Saturday, November 21, 2026":{"Shabbat Ends":"6:37 PM"}},"url":"https://www.chabad.org/webservices/Zmanim/CandleLighting/Load_CandleLightingWeeks?locationid=314&locationtype=1&save=1&tdate=11-15-2026"},{"locationName":"estados unidos - New York","time":{"shabbat: Kislev 10, 5787 - Friday, November 20, 2026":{"Candle Lighting":"4:16 PM"},"shabbat: Kislev 11, 5787 - Saturday, November 21, 2026":{"Shabbat Ends":"5:17 PM"}},"url":"https://www.chabad.org/webservices/Zmanim/CandleLighting/Load_CandleLightingWeeks?locationid=370&locationtype=1&save=1&tdate=11-15-2026"},{"locationName":"estados unidos - miami florida","time":{"shabbat: Kislev 10, 5787 - Friday, November 20, 2026":{"Candle Lighting":"5:12 PM"},"shabbat: Kislev 11, 5787 - Saturday, November 21, 2026":{"Shabbat Ends":"6:06 PM"}},"url":"https://www.chabad.org/webservices/Zmanim/CandleLighting/Load_CandleLightingWeeks?locationid=331&locationtype=1&save=1&tdate=11-15-2026"},{"locationName":"israel - raanana","time":{"shabbat: Kislev 10, 5787 - Friday, November 20, 2026":{"Candle Lighting":"4:18 PM"},"shabbat: Kislev 11, 5787 - Saturday, November 21, 2026":{"Shabbat Ends":"5:16 PM"}},"url":"https://www.chabad.org/webservices/Zmanim/CandleLighting/Load_CandleLightingWeeks?locationid=937&locationtype=1&save=1&tdate=11-15-2026"},{"locationName":"israel - ierushalaim","time":{"shabbat: Kislev 10, 5787 - Friday, November 20, 2026":{"Candle Lighting":"3:58 PM"},"shabbat: Kislev 11, 5787 - Saturday, November 21, 2026":{"Shabbat Ends":"5:16 PM"}},"url":"https://www.chabad.org/webservices/Zmanim/CandleLighting/Load_CandleLightingWeeks?locationid=247&locationtype=1&save=1&tdate=11-15-2026"},{"locationName":"israel - migdal haemek","time":{"shabbat: Kislev 10, 5787 - Friday, November 20, 2026":{"Candle Lighting":"4:06 PM"},"shabbat: Kislev 11, 5787 - Saturday, November 21, 2026":{"Shabbat Ends":"5:14 PM"}},"url":"https://www.chabad.org/webservices/Zmanim/CandleLighting/Load_CandleLightingWeeks?locationid=1470&locationtype=1&save=1&tdate=11-15-2026"},{"locationName":"mexico - mexico city","time":{"shabbat: Kislev 10, 5787 - Friday, November 20, 2026":{"Candle Lighting":"5:39 PM"},"shabbat: Kislev 11, 5787 - Saturday, November 21, 2026":{"Shabbat Ends":"6:31 PM"}},"url":"https://www.chabad.org/webservices/Zmanim/CandleLighting/Load_CandleLightingWeeks?locationid=330&locationtype=1&save=1&tdate=11-15-2026"},{"locationName":"panama - panama city","time":{"shabbat: Kislev 10, 5787 - Friday, November 20, 2026":{"Candle Lighting":"5:36 PM"},"shabbat: Kislev 11, 5787 - Saturday, November 21, 2026":{"Shabbat Ends":"6:27 PM"}},"url":"https://www.chabad.org/webservices/Zmanim/CandleLighting/Load_CandleLightingWeeks?locationid=392&locationtype=1&save=1&tdate=11-15-2026"},{"locationName":"peru - lima","time":{"shabbat: Kislev 10, 5787 - Friday, November 20, 2026":{"Candle Lighting":"5:57 PM"},"shabbat: Kislev 11, 5787 - Saturday, November 21, 2026":{"Shabbat Ends":"6:49 PM"}},"url":"https://www.chabad.org/webservices/Zmanim/CandleLighting/Load_CandleLightingWeeks?locationid=295&locationtype=1&save=1&tdate=11-15-2026"},{"locationName":"uruguay - montevideo","time":{"shabbat: Kislev 10, 5787 - Friday, November 20, 2026":{"Candle Lighting":"7:15 PM"},"shabbat: Kislev 11, 5787 - Saturday, November 21, 2026":{"Shabbat Ends":"8:17 PM"}},"url":"https://www.chabad.org/webservices/Zmanim/CandleLighting/Load_CandleLightingWeeks?locationid=342&locationtype=1&save=1&tdate=11-15-2026"},{"locationName":"venezuela - caracas","time":{"shabbat: Kislev 10, 5787 - Friday, November 20, 2026":{"Candle Lighting":"5:44 PM"},"shabbat: Kislev 11, 5787 - Saturday, November 21, 2026":{"Shabbat Ends":"6:35 PM"}},"url":"https://www.chabad.org/webservices/Zmanim/CandleLighting/Load_CandleLightingWeeks?locationid=105&locationtype=1&save=1&tdate=11-15-2026"}]}