{"parasha":"Vayikra","study":[{"day":0,"data":{"3 Chapters:":"Shabbat - Chapter Twelve, Shabbat - Chapter Thirteen, Shabbat - Chapter Fourteen","1 Chapter:":"Avodat Kochavim - Chapter Five","Daily Mitzvah:":"Day 41: Negative Commandment 322","date":"Sunday, 26 Adar 5786 / March 15, 2026","jumashPortion":"Parshat Vayikra, 1st Portion (Vayikra (Leviticus) 1:1-1:13)","tehilimPortion":"Tehillim - Psalms","taniaPortion":"Likutei Amarim, middle of Chapter 37"}},{"day":1,"data":{"3 Chapters:":"Shabbat - Chapter Fifteen, Shabbat - Chapter Sixteen, Shabbat - Chapter Seventeen","1 Chapter:":"Avodat Kochavim - Chapter Six","Daily Mitzvah:":"Day 42: Negative Commandment 322","date":"Monday, 27 Adar 5786 / March 16, 2026","jumashPortion":"Parshat Vayikra, 2nd Portion (Vayikra (Leviticus) 1:14-2:6)","tehilimPortion":"Chapters 120-134","taniaPortion":"Likutei Amarim, middle of Chapter 37"}},{"day":2,"data":{"3 Chapters:":"Shabbat - Chapter Eighteen, Shabbat - Chapter Nineteen, Shabbat - Chapter Twenty","1 Chapter:":"Avodat Kochavim - Chapter Seven","Daily Mitzvah:":"Day 43: Negative Commandment 321","date":"Tuesday, 28 Adar 5786 / March 17, 2026","jumashPortion":"Parshat Vayikra, 3rd Portion (Vayikra (Leviticus) 2:7-2:16)","tehilimPortion":"Chapters 135-139","taniaPortion":"Likutei Amarim, middle of Chapter 37"}},{"day":3,"data":{"3 Chapters:":"Shabbat - Chapter Twenty One, Shabbat - Chapter Twenty Two, Shabbat - Chapter Twenty Three","1 Chapter:":"Avodat Kochavim - Chapter Eight","Daily Mitzvah:":"Day 44: Negative Commandment 321","date":"Wednesday, 29 Adar 5786 / March 18, 2026","jumashPortion":"Parshat Vayikra, 4th Portion (Vayikra (Leviticus) 3:1-3:17)","tehilimPortion":"Chapters 140-150","taniaPortion":"Likutei Amarim, middle of Chapter 37"}},{"day":4,"data":{"3 Chapters:":"Shabbat - Chapter Twenty Four, Shabbat - Chapter Twenty Five, Shabbat - Chapter Twenty Six","1 Chapter:":"Avodat Kochavim - Chapter Nine","Daily Mitzvah:":"Day 45: Positive Commandment 155","date":"Thursday, 1 Nissan 5786 / March 19, 2026","jumashPortion":"Parshat Vayikra, 5th Portion (Vayikra (Leviticus) 4:1-4:26)","tehilimPortion":"Chapters 1-9","taniaPortion":"Likutei Amarim, end of Chapter 37"}},{"day":5,"data":{"3 Chapters:":"Shabbat - Chapter Twenty Seven, Shabbat - Chapter Twenty Eight, Shabbat - Chapter Twenty Nine","1 Chapter:":"Avodat Kochavim - Chapter Ten","Daily Mitzvah:":"Day 46: Positive Commandment 155","date":"Friday, 2 Nissan 5786 / March 20, 2026","jumashPortion":"Parshat Vayikra, 6th Portion (Vayikra (Leviticus) 4:27-5:10)","tehilimPortion":"Chapters 10-17","taniaPortion":"Likutei Amarim, beginning of Chapter 38"}},{"day":6,"data":{"3 Chapters:":"Shabbat - Chapter Thirty, Eruvin - Chapter One, Eruvin - Chapter Two","1 Chapter:":"Avodat Kochavim - Chapter Eleven","Daily Mitzvah:":"Day 47: Positive Commandment 155","date":"Shabbat, 3 Nissan 5786 / March 21, 2026","jumashPortion":"Parshat Vayikra, 7th Portion (Vayikra (Leviticus) 5:11-5:26)","tehilimPortion":"Chapters 18-22","taniaPortion":"Likutei Amarim, middle of Chapter 38"}}],"velas":[{"locationName":"argentina - buenos aires","time":{"shabbat: Nissan 2, 5786 - Friday, March 20, 2026":{"Candle Lighting":"6:47 PM"},"shabbat: Nissan 3, 5786 - Saturday, March 21, 2026":{"Shabbat Ends":"7:41 PM"}},"url":"https://www.chabad.org/webservices/Zmanim/CandleLighting/Load_CandleLightingWeeks?locationid=90&locationtype=1&save=1&tdate=3-15-2026"},{"locationName":"argentina - cordoba","time":{"shabbat: Nissan 2, 5786 - Friday, March 20, 2026":{"Candle Lighting":"7:10 PM"},"shabbat: Nissan 3, 5786 - Saturday, March 21, 2026":{"Shabbat Ends":"8:02 PM"}},"url":"https://www.chabad.org/webservices/Zmanim/CandleLighting/Load_CandleLightingWeeks?locationid=135&locationtype=1&save=1&tdate=3-15-2026"},{"locationName":"argentina - rosario","time":{"shabbat: Nissan 2, 5786 - Friday, March 20, 2026":{"Candle Lighting":"6:55 PM"},"shabbat: Nissan 3, 5786 - Saturday, March 21, 2026":{"Shabbat Ends":"7:49 PM"}},"url":"https://www.chabad.org/webservices/Zmanim/CandleLighting/Load_CandleLightingWeeks?locationid=746&locationtype=1&save=1&tdate=3-15-2026"},{"locationName":"argentina - tucuman","time":{"shabbat: Nissan 2, 5786 - Friday, March 20, 2026":{"Candle Lighting":"7:14 PM"},"shabbat: Nissan 3, 5786 - Saturday, March 21, 2026":{"Shabbat Ends":"8:05 PM"}},"url":"https://www.chabad.org/webservices/Zmanim/CandleLighting/Load_CandleLightingWeeks?locationid=837&locationtype=1&save=1&tdate=3-15-2026"},{"locationName":"chile - santiago","time":{"shabbat: Nissan 2, 5786 - Friday, March 20, 2026":{"Candle Lighting":"7:36 PM"},"shabbat: Nissan 3, 5786 - Saturday, March 21, 2026":{"Shabbat Ends":"8:29 PM"}},"url":"https://www.chabad.org/webservices/Zmanim/CandleLighting/Load_CandleLightingWeeks?locationid=482&locationtype=1&save=1&tdate=3-15-2026"},{"locationName":"colombia - bogota","time":{"shabbat: Nissan 2, 5786 - Friday, March 20, 2026":{"Candle Lighting":"5:49 PM"},"shabbat: Nissan 3, 5786 - Saturday, March 21, 2026":{"Shabbat Ends":"6:38 PM"}},"url":"https://www.chabad.org/webservices/Zmanim/CandleLighting/Load_CandleLightingWeeks?locationid=66&locationtype=1&save=1&tdate=3-15-2026"},{"locationName":"colombia - medellin","time":{"shabbat: Nissan 2, 5786 - Friday, March 20, 2026":{"Candle Lighting":"5:55 PM"},"shabbat: Nissan 3, 5786 - Saturday, March 21, 2026":{"Shabbat Ends":"6:44 PM"}},"url":"https://www.chabad.org/webservices/Zmanim/CandleLighting/Load_CandleLightingWeeks?locationid=326&locationtype=1&save=1&tdate=3-15-2026"},{"locationName":"costa rica - san jose","time":{"shabbat: Nissan 2, 5786 - Friday, March 20, 2026":{"Candle Lighting":"5:29 PM"},"shabbat: Nissan 3, 5786 - Saturday, March 21, 2026":{"Shabbat Ends":"6:18 PM"}},"url":"https://www.chabad.org/webservices/Zmanim/CandleLighting/Load_CandleLightingWeeks?locationid=621&locationtype=1&save=1&tdate=3-15-2026"},{"locationName":"españa - barcelona","time":{"shabbat: Nissan 2, 5786 - Friday, March 20, 2026":{"Candle Lighting":"6:45 PM"},"shabbat: Nissan 3, 5786 - Saturday, March 21, 2026":{"Shabbat Ends":"7:45 PM"}},"url":"https://www.chabad.org/webservices/Zmanim/CandleLighting/Load_CandleLightingWeeks?locationid=44&locationtype=1&save=1&tdate=3-15-2026"},{"locationName":"españa - madrid","time":{"shabbat: Nissan 2, 5786 - Friday, March 20, 2026":{"Candle Lighting":"7:09 PM"},"shabbat: Nissan 3, 5786 - Saturday, March 21, 2026":{"Shabbat Ends":"8:08 PM"}},"url":"https://www.chabad.org/webservices/Zmanim/CandleLighting/Load_CandleLightingWeeks?locationid=314&locationtype=1&save=1&tdate=3-15-2026"},{"locationName":"estados unidos - New York","time":{"shabbat: Nissan 2, 5786 - Friday, March 20, 2026":{"Candle Lighting":"6:50 PM"},"shabbat: Nissan 3, 5786 - Saturday, March 21, 2026":{"Shabbat Ends":"7:50 PM"}},"url":"https://www.chabad.org/webservices/Zmanim/CandleLighting/Load_CandleLightingWeeks?locationid=370&locationtype=1&save=1&tdate=3-15-2026"},{"locationName":"estados unidos - miami florida","time":{"shabbat: Nissan 2, 5786 - Friday, March 20, 2026":{"Candle Lighting":"7:14 PM"},"shabbat: Nissan 3, 5786 - Saturday, March 21, 2026":{"Shabbat Ends":"8:07 PM"}},"url":"https://www.chabad.org/webservices/Zmanim/CandleLighting/Load_CandleLightingWeeks?locationid=331&locationtype=1&save=1&tdate=3-15-2026"},{"locationName":"israel - raanana","time":{"shabbat: Nissan 2, 5786 - Friday, March 20, 2026":{"Candle Lighting":"5:32 PM"},"shabbat: Nissan 3, 5786 - Saturday, March 21, 2026":{"Shabbat Ends":"6:29 PM"}},"url":"https://www.chabad.org/webservices/Zmanim/CandleLighting/Load_CandleLightingWeeks?locationid=937&locationtype=1&save=1&tdate=3-15-2026"},{"locationName":"israel - ierushalaim","time":{"shabbat: Nissan 2, 5786 - Friday, March 20, 2026":{"Candle Lighting":"5:11 PM"},"shabbat: Nissan 3, 5786 - Saturday, March 21, 2026":{"Shabbat Ends":"6:27 PM"}},"url":"https://www.chabad.org/webservices/Zmanim/CandleLighting/Load_CandleLightingWeeks?locationid=247&locationtype=1&save=1&tdate=3-15-2026"},{"locationName":"israel - migdal haemek","time":{"shabbat: Nissan 2, 5786 - Friday, March 20, 2026":{"Candle Lighting":"5:20 PM"},"shabbat: Nissan 3, 5786 - Saturday, March 21, 2026":{"Shabbat Ends":"6:28 PM"}},"url":"https://www.chabad.org/webservices/Zmanim/CandleLighting/Load_CandleLightingWeeks?locationid=1470&locationtype=1&save=1&tdate=3-15-2026"},{"locationName":"mexico - mexico city","time":{"shabbat: Nissan 2, 5786 - Friday, March 20, 2026":{"Candle Lighting":"6:30 PM"},"shabbat: Nissan 3, 5786 - Saturday, March 21, 2026":{"Shabbat Ends":"7:20 PM"}},"url":"https://www.chabad.org/webservices/Zmanim/CandleLighting/Load_CandleLightingWeeks?locationid=330&locationtype=1&save=1&tdate=3-15-2026"},{"locationName":"panama - panama city","time":{"shabbat: Nissan 2, 5786 - Friday, March 20, 2026":{"Candle Lighting":"6:11 PM"},"shabbat: Nissan 3, 5786 - Saturday, March 21, 2026":{"Shabbat Ends":"7:00 PM"}},"url":"https://www.chabad.org/webservices/Zmanim/CandleLighting/Load_CandleLightingWeeks?locationid=392&locationtype=1&save=1&tdate=3-15-2026"},{"locationName":"peru - lima","time":{"shabbat: Nissan 2, 5786 - Friday, March 20, 2026":{"Candle Lighting":"6:01 PM"},"shabbat: Nissan 3, 5786 - Saturday, March 21, 2026":{"Shabbat Ends":"6:49 PM"}},"url":"https://www.chabad.org/webservices/Zmanim/CandleLighting/Load_CandleLightingWeeks?locationid=295&locationtype=1&save=1&tdate=3-15-2026"},{"locationName":"uruguay - montevideo","time":{"shabbat: Nissan 2, 5786 - Friday, March 20, 2026":{"Candle Lighting":"6:38 PM"},"shabbat: Nissan 3, 5786 - Saturday, March 21, 2026":{"Shabbat Ends":"7:32 PM"}},"url":"https://www.chabad.org/webservices/Zmanim/CandleLighting/Load_CandleLightingWeeks?locationid=342&locationtype=1&save=1&tdate=3-15-2026"},{"locationName":"venezuela - caracas","time":{"shabbat: Nissan 2, 5786 - Friday, March 20, 2026":{"Candle Lighting":"6:20 PM"},"shabbat: Nissan 3, 5786 - Saturday, March 21, 2026":{"Shabbat Ends":"7:10 PM"}},"url":"https://www.chabad.org/webservices/Zmanim/CandleLighting/Load_CandleLightingWeeks?locationid=105&locationtype=1&save=1&tdate=3-15-2026"}]}