{"parasha":"Tzav","study":[{"day":0,"data":{"3 Chapters:":"Eruvin - Chapter Three, Eruvin - Chapter Four, Eruvin - Chapter Five","1 Chapter:":"Avodat Kochavim - Chapter Twelve","Daily Mitzvah:":"Day 48: Negative Commandment 320","date":"Sunday, 4 Nissan 5786 / March 22, 2026","jumashPortion":"Parshat Tzav, 1st Portion (Vayikra (Leviticus) 6:1-6:11)","tehilimPortion":"Chapters 23-28","taniaPortion":"Likutei Amarim, middle of Chapter 38"}},{"day":1,"data":{"3 Chapters:":"Eruvin - Chapter Six, Eruvin - Chapter Seven, Eruvin - Chapter Eight","1 Chapter:":"Teshuvah - Chapter One","Daily Mitzvah:":"Day 49: Negative Commandment 321","date":"Monday, 5 Nissan 5786 / March 23, 2026","jumashPortion":"Parshat Tzav, 2nd Portion (Vayikra (Leviticus) 6:12-7:10)","tehilimPortion":"Chapters 29-34","taniaPortion":"Likutei Amarim, middle of Chapter 38"}},{"day":2,"data":{"3 Chapters:":"Shevitat Asor - Chapter One, Shevitat Asor - Chapter Two, Shevitat Asor - Chapter Three","1 Chapter:":"Teshuvah - Chapter Two","Daily Mitzvah:":"Day 50: Positive Commandment 165; Negative Commandment 329; Positive Commandment 164; Negative Commandment 196","date":"Tuesday, 6 Nissan 5786 / March 24, 2026","jumashPortion":"Parshat Tzav, 3rd Portion (Vayikra (Leviticus) 7:11-7:38)","tehilimPortion":"Chapters 35-38","taniaPortion":"Likutei Amarim, end of Chapter 38"}},{"day":3,"data":{"3 Chapters:":"Shevitat Yom Tov - Chapter One, Shevitat Yom Tov - Chapter Two, Shevitat Yom Tov - Chapter Three","1 Chapter:":"Teshuvah - Chapter Three","Daily Mitzvah:":"Day 51: Positive Commandment 159; Negative Commandment 323; Positive Commandment 160; Negative Commandment 324","date":"Wednesday, 7 Nissan 5786 / March 25, 2026","jumashPortion":"Parshat Tzav, 4th Portion (Vayikra (Leviticus) 8:1-8:13)","tehilimPortion":"Chapters 39-43","taniaPortion":"Likutei Amarim, beginning of Chapter 39"}},{"day":4,"data":{"3 Chapters:":"Shevitat Yom Tov - Chapter Four, Shevitat Yom Tov - Chapter Five, Shevitat Yom Tov - Chapter Six","1 Chapter:":"Teshuvah - Chapter Four","Daily Mitzvah:":"Day 52: Positive Commandment 162; Negative Commandment 325; Positive Commandment 163; Negative Commandment 326","date":"Thursday, 8 Nissan 5786 / March 26, 2026","jumashPortion":"Parshat Tzav, 5th Portion (Vayikra (Leviticus) 8:14-8:21)","tehilimPortion":"Chapters 44-48","taniaPortion":"Likutei Amarim, middle of Chapter 39"}},{"day":5,"data":{"3 Chapters:":"Shevitat Yom Tov - Chapter Seven, Shevitat Yom Tov - Chapter Eight, Chametz U'Matzah - Chapter One","1 Chapter:":"Teshuvah - Chapter Five","Daily Mitzvah:":"Day 53: Positive Commandment 166; Negative Commandment 327; Positive Commandment 167; Negative Commandment 328, 199","date":"Friday, 9 Nissan 5786 / March 27, 2026","jumashPortion":"Parshat Tzav, 6th Portion (Vayikra (Leviticus) 8:22-8:29)","tehilimPortion":"Chapters 49-54","taniaPortion":"Likutei Amarim, middle of Chapter 39"}},{"day":6,"data":{"3 Chapters:":"Chametz U'Matzah - Chapter Two, Chametz U'Matzah - Chapter Three, Chametz U'Matzah - Chapter Four","1 Chapter:":"Teshuvah - Chapter Six","Daily Mitzvah:":"Day 54: Positive Commandment 156; Negative Commandment 197, 198","date":"Shabbat, 10 Nissan 5786 / March 28, 2026","jumashPortion":"Parshat Tzav, 7th Portion (Vayikra (Leviticus) 8:30-8:36)","tehilimPortion":"Chapters 55-59","taniaPortion":"Likutei Amarim, middle of Chapter 39"}}],"velas":[{"locationName":"argentina - buenos aires","time":{"shabbat: Nissan 9, 5786 - Friday, March 27, 2026":{"Candle Lighting":"6:37 PM"},"shabbat: Nissan 10, 5786 - Saturday, March 28, 2026":{"Shabbat Ends":"7:31 PM"},"holiday: Nissan 14, 5786 - Wednesday, April 1, 2026":{"Candle Lighting":"6:30 PM"},"holiday: Nissan 15, 5786 - Thursday, April 2, 2026":{"Candle Lighting after":"7:24 PM"},"holiday: Nissan 16, 5786 - Friday, April 3, 2026":{"Candle Lighting":"6:28 PM"},"holiday: Nissan 17, 5786 - Saturday, April 4, 2026":{"Shabbat Ends":"7:22 PM"}},"url":"https://www.chabad.org/webservices/Zmanim/CandleLighting/Load_CandleLightingWeeks?locationid=90&locationtype=1&save=1&tdate=3-22-2026"},{"locationName":"argentina - cordoba","time":{"shabbat: Nissan 9, 5786 - Friday, March 27, 2026":{"Candle Lighting":"7:01 PM"},"shabbat: Nissan 10, 5786 - Saturday, March 28, 2026":{"Shabbat Ends":"7:53 PM"},"holiday: Nissan 14, 5786 - Wednesday, April 1, 2026":{"Candle Lighting":"6:55 PM"},"holiday: Nissan 15, 5786 - Thursday, April 2, 2026":{"Candle Lighting after":"7:47 PM"},"holiday: Nissan 16, 5786 - Friday, April 3, 2026":{"Candle Lighting":"6:52 PM"},"holiday: Nissan 17, 5786 - Saturday, April 4, 2026":{"Shabbat Ends":"7:45 PM"}},"url":"https://www.chabad.org/webservices/Zmanim/CandleLighting/Load_CandleLightingWeeks?locationid=135&locationtype=1&save=1&tdate=3-22-2026"},{"locationName":"argentina - rosario","time":{"shabbat: Nissan 9, 5786 - Friday, March 27, 2026":{"Candle Lighting":"6:46 PM"},"shabbat: Nissan 10, 5786 - Saturday, March 28, 2026":{"Shabbat Ends":"7:39 PM"},"holiday: Nissan 14, 5786 - Wednesday, April 1, 2026":{"Candle Lighting":"6:40 PM"},"holiday: Nissan 15, 5786 - Thursday, April 2, 2026":{"Candle Lighting after":"7:33 PM"},"holiday: Nissan 16, 5786 - Friday, April 3, 2026":{"Candle Lighting":"6:37 PM"},"holiday: Nissan 17, 5786 - Saturday, April 4, 2026":{"Shabbat Ends":"7:30 PM"}},"url":"https://www.chabad.org/webservices/Zmanim/CandleLighting/Load_CandleLightingWeeks?locationid=746&locationtype=1&save=1&tdate=3-22-2026"},{"locationName":"argentina - tucuman","time":{"shabbat: Nissan 9, 5786 - Friday, March 27, 2026":{"Candle Lighting":"7:06 PM"},"shabbat: Nissan 10, 5786 - Saturday, March 28, 2026":{"Shabbat Ends":"7:57 PM"},"holiday: Nissan 14, 5786 - Wednesday, April 1, 2026":{"Candle Lighting":"7:01 PM"},"holiday: Nissan 15, 5786 - Thursday, April 2, 2026":{"Candle Lighting after":"7:52 PM"},"holiday: Nissan 16, 5786 - Friday, April 3, 2026":{"Candle Lighting":"6:58 PM"},"holiday: Nissan 17, 5786 - Saturday, April 4, 2026":{"Shabbat Ends":"7:50 PM"}},"url":"https://www.chabad.org/webservices/Zmanim/CandleLighting/Load_CandleLightingWeeks?locationid=837&locationtype=1&save=1&tdate=3-22-2026"},{"locationName":"chile - santiago","time":{"shabbat: Nissan 9, 5786 - Friday, March 27, 2026":{"Candle Lighting":"7:26 PM"},"shabbat: Nissan 10, 5786 - Saturday, March 28, 2026":{"Shabbat Ends":"8:20 PM"},"holiday: Nissan 14, 5786 - Wednesday, April 1, 2026":{"Candle Lighting":"7:20 PM"},"holiday: Nissan 15, 5786 - Thursday, April 2, 2026":{"Candle Lighting after":"8:13 PM"},"holiday: Nissan 16, 5786 - Friday, April 3, 2026":{"Candle Lighting":"7:17 PM"},"holiday: Nissan 17, 5786 - Saturday, April 4, 2026":{"Shabbat Ends":"8:10 PM"}},"url":"https://www.chabad.org/webservices/Zmanim/CandleLighting/Load_CandleLightingWeeks?locationid=482&locationtype=1&save=1&tdate=3-22-2026"},{"locationName":"colombia - bogota","time":{"shabbat: Nissan 9, 5786 - Friday, March 27, 2026":{"Candle Lighting":"5:48 PM"},"shabbat: Nissan 10, 5786 - Saturday, March 28, 2026":{"Shabbat Ends":"6:36 PM"},"holiday: Nissan 14, 5786 - Wednesday, April 1, 2026":{"Candle Lighting":"5:47 PM"},"holiday: Nissan 15, 5786 - Thursday, April 2, 2026":{"Candle Lighting after":"6:36 PM"},"holiday: Nissan 16, 5786 - Friday, April 3, 2026":{"Candle Lighting":"5:47 PM"},"holiday: Nissan 17, 5786 - Saturday, April 4, 2026":{"Shabbat Ends":"6:35 PM"}},"url":"https://www.chabad.org/webservices/Zmanim/CandleLighting/Load_CandleLightingWeeks?locationid=66&locationtype=1&save=1&tdate=3-22-2026"},{"locationName":"colombia - medellin","time":{"shabbat: Nissan 9, 5786 - Friday, March 27, 2026":{"Candle Lighting":"5:54 PM"},"shabbat: Nissan 10, 5786 - Saturday, March 28, 2026":{"Shabbat Ends":"6:43 PM"},"holiday: Nissan 14, 5786 - Wednesday, April 1, 2026":{"Candle Lighting":"5:54 PM"},"holiday: Nissan 15, 5786 - Thursday, April 2, 2026":{"Candle Lighting after":"6:42 PM"},"holiday: Nissan 16, 5786 - Friday, April 3, 2026":{"Candle Lighting":"5:53 PM"},"holiday: Nissan 17, 5786 - Saturday, April 4, 2026":{"Shabbat Ends":"6:42 PM"}},"url":"https://www.chabad.org/webservices/Zmanim/CandleLighting/Load_CandleLightingWeeks?locationid=326&locationtype=1&save=1&tdate=3-22-2026"},{"locationName":"costa rica - san jose","time":{"shabbat: Nissan 9, 5786 - Friday, March 27, 2026":{"Candle Lighting":"5:29 PM"},"shabbat: Nissan 10, 5786 - Saturday, March 28, 2026":{"Shabbat Ends":"6:18 PM"},"holiday: Nissan 14, 5786 - Wednesday, April 1, 2026":{"Candle Lighting":"5:29 PM"},"holiday: Nissan 15, 5786 - Thursday, April 2, 2026":{"Candle Lighting after":"6:18 PM"},"holiday: Nissan 16, 5786 - Friday, April 3, 2026":{"Candle Lighting":"5:29 PM"},"holiday: Nissan 17, 5786 - Saturday, April 4, 2026":{"Shabbat Ends":"6:18 PM"}},"url":"https://www.chabad.org/webservices/Zmanim/CandleLighting/Load_CandleLightingWeeks?locationid=621&locationtype=1&save=1&tdate=3-22-2026"},{"locationName":"españa - barcelona","time":{"shabbat: Nissan 9, 5786 - Friday, March 27, 2026":{"Candle Lighting":"6:53 PM"},"shabbat: Nissan 10, 5786 - Saturday, March 28, 2026":{"Shabbat Ends":"7:53 PM"},"holiday: Nissan 14, 5786 - Wednesday, April 1, 2026":{"Candle Lighting":"7:58 PM"},"holiday: Nissan 15, 5786 - Thursday, April 2, 2026":{"Candle Lighting after":"8:59 PM"},"holiday: Nissan 16, 5786 - Friday, April 3, 2026":{"Candle Lighting":"8:01 PM"},"holiday: Nissan 17, 5786 - Saturday, April 4, 2026":{"Shabbat Ends":"9:01 PM"}},"url":"https://www.chabad.org/webservices/Zmanim/CandleLighting/Load_CandleLightingWeeks?locationid=44&locationtype=1&save=1&tdate=3-22-2026"},{"locationName":"españa - madrid","time":{"shabbat: Nissan 9, 5786 - Friday, March 27, 2026":{"Candle Lighting":"7:16 PM"},"shabbat: Nissan 10, 5786 - Saturday, March 28, 2026":{"Shabbat Ends":"8:16 PM"},"holiday: Nissan 14, 5786 - Wednesday, April 1, 2026":{"Candle Lighting":"8:21 PM"},"holiday: Nissan 15, 5786 - Thursday, April 2, 2026":{"Candle Lighting after":"9:21 PM"},"holiday: Nissan 16, 5786 - Friday, April 3, 2026":{"Candle Lighting":"8:23 PM"},"holiday: Nissan 17, 5786 - Saturday, April 4, 2026":{"Shabbat Ends":"9:23 PM"}},"url":"https://www.chabad.org/webservices/Zmanim/CandleLighting/Load_CandleLightingWeeks?locationid=314&locationtype=1&save=1&tdate=3-22-2026"},{"locationName":"estados unidos - New York","time":{"shabbat: Nissan 9, 5786 - Friday, March 27, 2026":{"Candle Lighting":"6:57 PM"},"shabbat: Nissan 10, 5786 - Saturday, March 28, 2026":{"Shabbat Ends":"7:57 PM"},"holiday: Nissan 14, 5786 - Wednesday, April 1, 2026":{"Candle Lighting":"7:03 PM"},"holiday: Nissan 15, 5786 - Thursday, April 2, 2026":{"Candle Lighting after":"8:03 PM"},"holiday: Nissan 16, 5786 - Friday, April 3, 2026":{"Candle Lighting":"7:05 PM"},"holiday: Nissan 17, 5786 - Saturday, April 4, 2026":{"Shabbat Ends":"8:05 PM"}},"url":"https://www.chabad.org/webservices/Zmanim/CandleLighting/Load_CandleLightingWeeks?locationid=370&locationtype=1&save=1&tdate=3-22-2026"},{"locationName":"estados unidos - miami florida","time":{"shabbat: Nissan 9, 5786 - Friday, March 27, 2026":{"Candle Lighting":"7:17 PM"},"shabbat: Nissan 10, 5786 - Saturday, March 28, 2026":{"Shabbat Ends":"8:10 PM"},"holiday: Nissan 14, 5786 - Wednesday, April 1, 2026":{"Candle Lighting":"7:20 PM"},"holiday: Nissan 15, 5786 - Thursday, April 2, 2026":{"Candle Lighting after":"8:12 PM"},"holiday: Nissan 16, 5786 - Friday, April 3, 2026":{"Candle Lighting":"7:20 PM"},"holiday: Nissan 17, 5786 - Saturday, April 4, 2026":{"Shabbat Ends":"8:13 PM"}},"url":"https://www.chabad.org/webservices/Zmanim/CandleLighting/Load_CandleLightingWeeks?locationid=331&locationtype=1&save=1&tdate=3-22-2026"},{"locationName":"israel - raanana","time":{"shabbat: Nissan 9, 5786 - Friday, March 27, 2026":{"Candle Lighting":"6:37 PM"},"shabbat: Nissan 10, 5786 - Saturday, March 28, 2026":{"Shabbat Ends":"7:34 PM"},"holiday: Nissan 14, 5786 - Wednesday, April 1, 2026":{"Candle Lighting":"6:40 PM"},"holiday: Nissan 15, 5786 - Thursday, April 2, 2026":{"Holiday Ends":"7:38 PM"},"holiday: Nissan 16, 5786 - Friday, April 3, 2026":{"Candle Lighting":"6:42 PM"},"holiday: Nissan 17, 5786 - Saturday, April 4, 2026":{"Shabbat Ends":"7:39 PM"}},"url":"https://www.chabad.org/webservices/Zmanim/CandleLighting/Load_CandleLightingWeeks?locationid=937&locationtype=1&save=1&tdate=3-22-2026"},{"locationName":"israel - ierushalaim","time":{"shabbat: Nissan 9, 5786 - Friday, March 27, 2026":{"Candle Lighting":"6:15 PM"},"shabbat: Nissan 10, 5786 - Saturday, March 28, 2026":{"Shabbat Ends":"7:32 PM"},"holiday: Nissan 14, 5786 - Wednesday, April 1, 2026":{"Candle Lighting":"6:19 PM"},"holiday: Nissan 15, 5786 - Thursday, April 2, 2026":{"Holiday Ends":"7:36 PM"},"holiday: Nissan 16, 5786 - Friday, April 3, 2026":{"Candle Lighting":"6:20 PM"},"holiday: Nissan 17, 5786 - Saturday, April 4, 2026":{"Shabbat Ends":"7:37 PM"}},"url":"https://www.chabad.org/webservices/Zmanim/CandleLighting/Load_CandleLightingWeeks?locationid=247&locationtype=1&save=1&tdate=3-22-2026"},{"locationName":"israel - migdal haemek","time":{"shabbat: Nissan 9, 5786 - Friday, March 27, 2026":{"Candle Lighting":"6:25 PM"},"shabbat: Nissan 10, 5786 - Saturday, March 28, 2026":{"Shabbat Ends":"7:33 PM"},"holiday: Nissan 14, 5786 - Wednesday, April 1, 2026":{"Candle Lighting":"6:29 PM"},"holiday: Nissan 15, 5786 - Thursday, April 2, 2026":{"Holiday Ends":"7:37 PM"},"holiday: Nissan 16, 5786 - Friday, April 3, 2026":{"Candle Lighting":"6:30 PM"},"holiday: Nissan 17, 5786 - Saturday, April 4, 2026":{"Shabbat Ends":"7:38 PM"}},"url":"https://www.chabad.org/webservices/Zmanim/CandleLighting/Load_CandleLightingWeeks?locationid=1470&locationtype=1&save=1&tdate=3-22-2026"},{"locationName":"mexico - mexico city","time":{"shabbat: Nissan 9, 5786 - Friday, March 27, 2026":{"Candle Lighting":"6:31 PM"},"shabbat: Nissan 10, 5786 - Saturday, March 28, 2026":{"Shabbat Ends":"7:22 PM"},"holiday: Nissan 14, 5786 - Wednesday, April 1, 2026":{"Candle Lighting":"6:33 PM"},"holiday: Nissan 15, 5786 - Thursday, April 2, 2026":{"Candle Lighting after":"7:24 PM"},"holiday: Nissan 16, 5786 - Friday, April 3, 2026":{"Candle Lighting":"6:33 PM"},"holiday: Nissan 17, 5786 - Saturday, April 4, 2026":{"Shabbat Ends":"7:24 PM"}},"url":"https://www.chabad.org/webservices/Zmanim/CandleLighting/Load_CandleLightingWeeks?locationid=330&locationtype=1&save=1&tdate=3-22-2026"},{"locationName":"panama - panama city","time":{"shabbat: Nissan 9, 5786 - Friday, March 27, 2026":{"Candle Lighting":"6:11 PM"},"shabbat: Nissan 10, 5786 - Saturday, March 28, 2026":{"Shabbat Ends":"7:00 PM"},"holiday: Nissan 14, 5786 - Wednesday, April 1, 2026":{"Candle Lighting":"6:10 PM"},"holiday: Nissan 15, 5786 - Thursday, April 2, 2026":{"Candle Lighting after":"6:59 PM"},"holiday: Nissan 16, 5786 - Friday, April 3, 2026":{"Candle Lighting":"6:10 PM"},"holiday: Nissan 17, 5786 - Saturday, April 4, 2026":{"Shabbat Ends":"6:59 PM"}},"url":"https://www.chabad.org/webservices/Zmanim/CandleLighting/Load_CandleLightingWeeks?locationid=392&locationtype=1&save=1&tdate=3-22-2026"},{"locationName":"peru - lima","time":{"shabbat: Nissan 9, 5786 - Friday, March 27, 2026":{"Candle Lighting":"5:56 PM"},"shabbat: Nissan 10, 5786 - Saturday, March 28, 2026":{"Shabbat Ends":"6:45 PM"},"holiday: Nissan 14, 5786 - Wednesday, April 1, 2026":{"Candle Lighting":"5:53 PM"},"holiday: Nissan 15, 5786 - Thursday, April 2, 2026":{"Candle Lighting after":"6:42 PM"},"holiday: Nissan 16, 5786 - Friday, April 3, 2026":{"Candle Lighting":"5:52 PM"},"holiday: Nissan 17, 5786 - Saturday, April 4, 2026":{"Shabbat Ends":"6:41 PM"}},"url":"https://www.chabad.org/webservices/Zmanim/CandleLighting/Load_CandleLightingWeeks?locationid=295&locationtype=1&save=1&tdate=3-22-2026"},{"locationName":"uruguay - montevideo","time":{"shabbat: Nissan 9, 5786 - Friday, March 27, 2026":{"Candle Lighting":"6:28 PM"},"shabbat: Nissan 10, 5786 - Saturday, March 28, 2026":{"Shabbat Ends":"7:22 PM"},"holiday: Nissan 14, 5786 - Wednesday, April 1, 2026":{"Candle Lighting":"6:21 PM"},"holiday: Nissan 15, 5786 - Thursday, April 2, 2026":{"Candle Lighting after":"7:15 PM"},"holiday: Nissan 16, 5786 - Friday, April 3, 2026":{"Candle Lighting":"6:18 PM"},"holiday: Nissan 17, 5786 - Saturday, April 4, 2026":{"Shabbat Ends":"7:12 PM"}},"url":"https://www.chabad.org/webservices/Zmanim/CandleLighting/Load_CandleLightingWeeks?locationid=342&locationtype=1&save=1&tdate=3-22-2026"},{"locationName":"venezuela - caracas","time":{"shabbat: Nissan 9, 5786 - Friday, March 27, 2026":{"Candle Lighting":"6:20 PM"},"shabbat: Nissan 10, 5786 - Saturday, March 28, 2026":{"Shabbat Ends":"7:10 PM"},"holiday: Nissan 14, 5786 - Wednesday, April 1, 2026":{"Candle Lighting":"6:20 PM"},"holiday: Nissan 15, 5786 - Thursday, April 2, 2026":{"Candle Lighting after":"7:10 PM"},"holiday: Nissan 16, 5786 - Friday, April 3, 2026":{"Candle Lighting":"6:20 PM"},"holiday: Nissan 17, 5786 - Saturday, April 4, 2026":{"Shabbat Ends":"7:10 PM"}},"url":"https://www.chabad.org/webservices/Zmanim/CandleLighting/Load_CandleLightingWeeks?locationid=105&locationtype=1&save=1&tdate=3-22-2026"}]}