{"parasha":"Passover - Shemini","study":[{"day":0,"data":{"3 Chapters:":"Chametz U'Matzah - Chapter Five, Chametz U'Matzah - Chapter Six, Chametz U'Matzah - Chapter Seven","1 Chapter:":"Teshuvah - Chapter Seven","Daily Mitzvah:":"Day 55: Negative Commandment 200, 201; Positive Commandment 158","date":"Sunday, 11 Nissan 5786 / March 29, 2026","jumashPortion":"Parshat Shemini, 1st Portion (Vayikra (Leviticus) 9:1-9:16)","tehilimPortion":"Chapters 60-65","taniaPortion":"Likutei Amarim, middle of Chapter 39"}},{"day":1,"data":{"3 Chapters:":"Chametz U'Matzah - Chapter Eight, Chametz U'Matzah - Text of the Haggadah, Shofar, Sukkah, vLulav - Chapter One, Shofar, Sukkah, vLulav - Chapter Two","1 Chapter:":"Teshuvah - Chapter Eight","Daily Mitzvah:":"Day 56: Positive Commandment 157; Text of the Haggadah; Positive Commandment 170","date":"Monday, 12 Nissan 5786 / March 30, 2026","jumashPortion":"Parshat Shemini, 2nd Portion (Vayikra (Leviticus) 9:17-9:23)","tehilimPortion":"Chapters 66-68","taniaPortion":"Likutei Amarim, end of Chapter 39"}},{"day":2,"data":{"3 Chapters:":"Shofar, Sukkah, vLulav - Chapter Three, Shofar, Sukkah, vLulav - Chapter Four, Shofar, Sukkah, vLulav - Chapter Five","1 Chapter:":"Teshuvah - Chapter Nine","Daily Mitzvah:":"Day 57: Positive Commandment 168","date":"Tuesday, 13 Nissan 5786 / March 31, 2026","jumashPortion":"Parshat Shemini, 3rd Portion (Vayikra (Leviticus) 9:24-10:11)","tehilimPortion":"Chapters 69-71","taniaPortion":"Likutei Amarim, beginning of Chapter 40"}},{"day":3,"data":{"3 Chapters:":"Shofar, Sukkah, vLulav - Chapter Six, Shofar, Sukkah, vLulav - Chapter Seven, Shofar, Sukkah, vLulav - Chapter Eight","1 Chapter:":"Teshuvah - Chapter Ten","Daily Mitzvah:":"Day 58: Positive Commandment 169","date":"Wednesday, 14 Nissan 5786 / April 1, 2026","jumashPortion":"Parshat Shemini, 4th Portion (Vayikra (Leviticus) 10:12-10:15)","tehilimPortion":"Chapters 72-76","taniaPortion":"Likutei Amarim, middle of Chapter 40"}},{"day":4,"data":{"3 Chapters:":"Shekalim - Chapter One, Shekalim - Chapter Two, Shekalim - Chapter Three","1 Chapter:":"Kri'at Shema - Chapter One","Daily Mitzvah:":"Day 59: Positive Commandment 171","date":"Thursday, 15 Nissan 5786 / April 2, 2026","jumashPortion":"Parshat Shemini, 5th Portion (Vayikra (Leviticus) 10:16-10:20)","tehilimPortion":"Chapters 77-78","taniaPortion":"Likutei Amarim, middle of Chapter 40"}},{"day":5,"data":{"3 Chapters:":"Shekalim - Chapter Four, Kiddush HaChodesh - Chapter One, Kiddush HaChodesh - Chapter Two","1 Chapter:":"Kri'at Shema - Chapter Two","Daily Mitzvah:":"Day 60: Positive Commandment 171, 153","date":"Friday, 16 Nissan 5786 / April 3, 2026","jumashPortion":"Parshat Shemini, 6th Portion (Vayikra (Leviticus) 11:1-11:32)","tehilimPortion":"Chapters 79-82","taniaPortion":"Likutei Amarim, end of Chapter 40"}},{"day":6,"data":{"3 Chapters:":"Kiddush HaChodesh - Chapter Three, Kiddush HaChodesh - Chapter Four, Kiddush HaChodesh - Chapter Five","1 Chapter:":"Kri'at Shema - Chapter Three","Daily Mitzvah:":"Day 61: Positive Commandment 153","date":"Shabbat, 17 Nissan 5786 / April 4, 2026","jumashPortion":"Parshat Shemini, 7th Portion (Vayikra (Leviticus) 11:33-11:47)","tehilimPortion":"Chapters 83-87","taniaPortion":"Likutei Amarim, beginning of Chapter 41"}}],"velas":[{"locationName":"argentina - buenos aires","time":{"holiday: Nissan 14, 5786 - Wednesday, April 1, 2026":{"Candle Lighting":"6:30 PM"},"holiday: Nissan 15, 5786 - Thursday, April 2, 2026":{"Candle Lighting after":"7:24 PM"},"holiday: Nissan 16, 5786 - Friday, April 3, 2026":{"Candle Lighting":"6:28 PM"},"holiday: Nissan 17, 5786 - Saturday, April 4, 2026":{"Shabbat Ends":"7:22 PM"},"holiday: Nissan 20, 5786 - Tuesday, April 7, 2026":{"Candle Lighting":"6:22 PM"},"holiday: Nissan 21, 5786 - Wednesday, April 8, 2026":{"Candle Lighting after":"7:16 PM"},"holiday: Nissan 22, 5786 - Thursday, April 9, 2026":{"Holiday Ends":"7:15 PM"},"shabbat: Nissan 23, 5786 - Friday, April 10, 2026":{"Candle Lighting":"6:18 PM"},"shabbat: Nissan 24, 5786 - Saturday, April 11, 2026":{"Shabbat Ends":"7:12 PM"}},"url":"https://www.chabad.org/webservices/Zmanim/CandleLighting/Load_CandleLightingWeeks?locationid=90&locationtype=1&save=1&tdate=3-29-2026"},{"locationName":"argentina - cordoba","time":{"holiday: Nissan 14, 5786 - Wednesday, April 1, 2026":{"Candle Lighting":"6:55 PM"},"holiday: Nissan 15, 5786 - Thursday, April 2, 2026":{"Candle Lighting after":"7:47 PM"},"holiday: Nissan 16, 5786 - Friday, April 3, 2026":{"Candle Lighting":"6:52 PM"},"holiday: Nissan 17, 5786 - Saturday, April 4, 2026":{"Shabbat Ends":"7:45 PM"},"holiday: Nissan 20, 5786 - Tuesday, April 7, 2026":{"Candle Lighting":"6:47 PM"},"holiday: Nissan 21, 5786 - Wednesday, April 8, 2026":{"Candle Lighting after":"7:40 PM"},"holiday: Nissan 22, 5786 - Thursday, April 9, 2026":{"Holiday Ends":"7:39 PM"},"shabbat: Nissan 23, 5786 - Friday, April 10, 2026":{"Candle Lighting":"6:44 PM"},"shabbat: Nissan 24, 5786 - Saturday, April 11, 2026":{"Shabbat Ends":"7:37 PM"}},"url":"https://www.chabad.org/webservices/Zmanim/CandleLighting/Load_CandleLightingWeeks?locationid=135&locationtype=1&save=1&tdate=3-29-2026"},{"locationName":"argentina - rosario","time":{"holiday: Nissan 14, 5786 - Wednesday, April 1, 2026":{"Candle Lighting":"6:40 PM"},"holiday: Nissan 15, 5786 - Thursday, April 2, 2026":{"Candle Lighting after":"7:33 PM"},"holiday: Nissan 16, 5786 - Friday, April 3, 2026":{"Candle Lighting":"6:37 PM"},"holiday: Nissan 17, 5786 - Saturday, April 4, 2026":{"Shabbat Ends":"7:30 PM"},"holiday: Nissan 20, 5786 - Tuesday, April 7, 2026":{"Candle Lighting":"6:32 PM"},"holiday: Nissan 21, 5786 - Wednesday, April 8, 2026":{"Candle Lighting after":"7:25 PM"},"holiday: Nissan 22, 5786 - Thursday, April 9, 2026":{"Holiday Ends":"7:24 PM"},"shabbat: Nissan 23, 5786 - Friday, April 10, 2026":{"Candle Lighting":"6:28 PM"},"shabbat: Nissan 24, 5786 - Saturday, April 11, 2026":{"Shabbat Ends":"7:22 PM"}},"url":"https://www.chabad.org/webservices/Zmanim/CandleLighting/Load_CandleLightingWeeks?locationid=746&locationtype=1&save=1&tdate=3-29-2026"},{"locationName":"argentina - tucuman","time":{"holiday: Nissan 14, 5786 - Wednesday, April 1, 2026":{"Candle Lighting":"7:01 PM"},"holiday: Nissan 15, 5786 - Thursday, April 2, 2026":{"Candle Lighting after":"7:52 PM"},"holiday: Nissan 16, 5786 - Friday, April 3, 2026":{"Candle Lighting":"6:58 PM"},"holiday: Nissan 17, 5786 - Saturday, April 4, 2026":{"Shabbat Ends":"7:50 PM"},"holiday: Nissan 20, 5786 - Tuesday, April 7, 2026":{"Candle Lighting":"6:54 PM"},"holiday: Nissan 21, 5786 - Wednesday, April 8, 2026":{"Candle Lighting after":"7:46 PM"},"holiday: Nissan 22, 5786 - Thursday, April 9, 2026":{"Holiday Ends":"7:45 PM"},"shabbat: Nissan 23, 5786 - Friday, April 10, 2026":{"Candle Lighting":"6:51 PM"},"shabbat: Nissan 24, 5786 - Saturday, April 11, 2026":{"Shabbat Ends":"7:43 PM"}},"url":"https://www.chabad.org/webservices/Zmanim/CandleLighting/Load_CandleLightingWeeks?locationid=837&locationtype=1&save=1&tdate=3-29-2026"},{"locationName":"chile - santiago","time":{"holiday: Nissan 14, 5786 - Wednesday, April 1, 2026":{"Candle Lighting":"7:20 PM"},"holiday: Nissan 15, 5786 - Thursday, April 2, 2026":{"Candle Lighting after":"8:13 PM"},"holiday: Nissan 16, 5786 - Friday, April 3, 2026":{"Candle Lighting":"7:17 PM"},"holiday: Nissan 17, 5786 - Saturday, April 4, 2026":{"Shabbat Ends":"8:10 PM"},"holiday: Nissan 20, 5786 - Tuesday, April 7, 2026":{"Candle Lighting":"6:12 PM"},"holiday: Nissan 21, 5786 - Wednesday, April 8, 2026":{"Candle Lighting after":"7:05 PM"},"holiday: Nissan 22, 5786 - Thursday, April 9, 2026":{"Holiday Ends":"7:04 PM"},"shabbat: Nissan 23, 5786 - Friday, April 10, 2026":{"Candle Lighting":"6:08 PM"},"shabbat: Nissan 24, 5786 - Saturday, April 11, 2026":{"Shabbat Ends":"7:02 PM"}},"url":"https://www.chabad.org/webservices/Zmanim/CandleLighting/Load_CandleLightingWeeks?locationid=482&locationtype=1&save=1&tdate=3-29-2026"},{"locationName":"colombia - bogota","time":{"holiday: Nissan 14, 5786 - Wednesday, April 1, 2026":{"Candle Lighting":"5:47 PM"},"holiday: Nissan 15, 5786 - Thursday, April 2, 2026":{"Candle Lighting after":"6:36 PM"},"holiday: Nissan 16, 5786 - Friday, April 3, 2026":{"Candle Lighting":"5:47 PM"},"holiday: Nissan 17, 5786 - Saturday, April 4, 2026":{"Shabbat Ends":"6:35 PM"},"holiday: Nissan 20, 5786 - Tuesday, April 7, 2026":{"Candle Lighting":"5:46 PM"},"holiday: Nissan 21, 5786 - Wednesday, April 8, 2026":{"Candle Lighting after":"6:35 PM"},"holiday: Nissan 22, 5786 - Thursday, April 9, 2026":{"Holiday Ends":"6:35 PM"},"shabbat: Nissan 23, 5786 - Friday, April 10, 2026":{"Candle Lighting":"5:46 PM"},"shabbat: Nissan 24, 5786 - Saturday, April 11, 2026":{"Shabbat Ends":"6:35 PM"}},"url":"https://www.chabad.org/webservices/Zmanim/CandleLighting/Load_CandleLightingWeeks?locationid=66&locationtype=1&save=1&tdate=3-29-2026"},{"locationName":"colombia - medellin","time":{"holiday: Nissan 14, 5786 - Wednesday, April 1, 2026":{"Candle Lighting":"5:54 PM"},"holiday: Nissan 15, 5786 - Thursday, April 2, 2026":{"Candle Lighting after":"6:42 PM"},"holiday: Nissan 16, 5786 - Friday, April 3, 2026":{"Candle Lighting":"5:53 PM"},"holiday: Nissan 17, 5786 - Saturday, April 4, 2026":{"Shabbat Ends":"6:42 PM"},"holiday: Nissan 20, 5786 - Tuesday, April 7, 2026":{"Candle Lighting":"5:53 PM"},"holiday: Nissan 21, 5786 - Wednesday, April 8, 2026":{"Candle Lighting after":"6:42 PM"},"holiday: Nissan 22, 5786 - Thursday, April 9, 2026":{"Holiday Ends":"6:42 PM"},"shabbat: Nissan 23, 5786 - Friday, April 10, 2026":{"Candle Lighting":"5:53 PM"},"shabbat: Nissan 24, 5786 - Saturday, April 11, 2026":{"Shabbat Ends":"6:42 PM"}},"url":"https://www.chabad.org/webservices/Zmanim/CandleLighting/Load_CandleLightingWeeks?locationid=326&locationtype=1&save=1&tdate=3-29-2026"},{"locationName":"costa rica - san jose","time":{"holiday: Nissan 14, 5786 - Wednesday, April 1, 2026":{"Candle Lighting":"5:29 PM"},"holiday: Nissan 15, 5786 - Thursday, April 2, 2026":{"Candle Lighting after":"6:18 PM"},"holiday: Nissan 16, 5786 - Friday, April 3, 2026":{"Candle Lighting":"5:29 PM"},"holiday: Nissan 17, 5786 - Saturday, April 4, 2026":{"Shabbat Ends":"6:18 PM"},"holiday: Nissan 20, 5786 - Tuesday, April 7, 2026":{"Candle Lighting":"5:29 PM"},"holiday: Nissan 21, 5786 - Wednesday, April 8, 2026":{"Candle Lighting after":"6:18 PM"},"holiday: Nissan 22, 5786 - Thursday, April 9, 2026":{"Holiday Ends":"6:18 PM"},"shabbat: Nissan 23, 5786 - Friday, April 10, 2026":{"Candle Lighting":"5:29 PM"},"shabbat: Nissan 24, 5786 - Saturday, April 11, 2026":{"Shabbat Ends":"6:18 PM"}},"url":"https://www.chabad.org/webservices/Zmanim/CandleLighting/Load_CandleLightingWeeks?locationid=621&locationtype=1&save=1&tdate=3-29-2026"},{"locationName":"españa - barcelona","time":{"holiday: Nissan 14, 5786 - Wednesday, April 1, 2026":{"Candle Lighting":"7:58 PM"},"holiday: Nissan 15, 5786 - Thursday, April 2, 2026":{"Candle Lighting after":"8:59 PM"},"holiday: Nissan 16, 5786 - Friday, April 3, 2026":{"Candle Lighting":"8:01 PM"},"holiday: Nissan 17, 5786 - Saturday, April 4, 2026":{"Shabbat Ends":"9:01 PM"},"holiday: Nissan 20, 5786 - Tuesday, April 7, 2026":{"Candle Lighting":"8:05 PM"},"holiday: Nissan 21, 5786 - Wednesday, April 8, 2026":{"Candle Lighting after":"9:06 PM"},"holiday: Nissan 22, 5786 - Thursday, April 9, 2026":{"Holiday Ends":"9:07 PM"},"shabbat: Nissan 23, 5786 - Friday, April 10, 2026":{"Candle Lighting":"8:08 PM"},"shabbat: Nissan 24, 5786 - Saturday, April 11, 2026":{"Shabbat Ends":"9:10 PM"}},"url":"https://www.chabad.org/webservices/Zmanim/CandleLighting/Load_CandleLightingWeeks?locationid=44&locationtype=1&save=1&tdate=3-29-2026"},{"locationName":"españa - madrid","time":{"holiday: Nissan 14, 5786 - Wednesday, April 1, 2026":{"Candle Lighting":"8:21 PM"},"holiday: Nissan 15, 5786 - Thursday, April 2, 2026":{"Candle Lighting after":"9:21 PM"},"holiday: Nissan 16, 5786 - Friday, April 3, 2026":{"Candle Lighting":"8:23 PM"},"holiday: Nissan 17, 5786 - Saturday, April 4, 2026":{"Shabbat Ends":"9:23 PM"},"holiday: Nissan 20, 5786 - Tuesday, April 7, 2026":{"Candle Lighting":"8:27 PM"},"holiday: Nissan 21, 5786 - Wednesday, April 8, 2026":{"Candle Lighting after":"9:28 PM"},"holiday: Nissan 22, 5786 - Thursday, April 9, 2026":{"Holiday Ends":"9:29 PM"},"shabbat: Nissan 23, 5786 - Friday, April 10, 2026":{"Candle Lighting":"8:30 PM"},"shabbat: Nissan 24, 5786 - Saturday, April 11, 2026":{"Shabbat Ends":"9:31 PM"}},"url":"https://www.chabad.org/webservices/Zmanim/CandleLighting/Load_CandleLightingWeeks?locationid=314&locationtype=1&save=1&tdate=3-29-2026"},{"locationName":"estados unidos - New York","time":{"holiday: Nissan 14, 5786 - Wednesday, April 1, 2026":{"Candle Lighting":"7:03 PM"},"holiday: Nissan 15, 5786 - Thursday, April 2, 2026":{"Candle Lighting after":"8:03 PM"},"holiday: Nissan 16, 5786 - Friday, April 3, 2026":{"Candle Lighting":"7:05 PM"},"holiday: Nissan 17, 5786 - Saturday, April 4, 2026":{"Shabbat Ends":"8:05 PM"},"holiday: Nissan 20, 5786 - Tuesday, April 7, 2026":{"Candle Lighting":"7:09 PM"},"holiday: Nissan 21, 5786 - Wednesday, April 8, 2026":{"Candle Lighting after":"8:10 PM"},"holiday: Nissan 22, 5786 - Thursday, April 9, 2026":{"Holiday Ends":"8:11 PM"},"shabbat: Nissan 23, 5786 - Friday, April 10, 2026":{"Candle Lighting":"7:12 PM"},"shabbat: Nissan 24, 5786 - Saturday, April 11, 2026":{"Shabbat Ends":"8:13 PM"}},"url":"https://www.chabad.org/webservices/Zmanim/CandleLighting/Load_CandleLightingWeeks?locationid=370&locationtype=1&save=1&tdate=3-29-2026"},{"locationName":"estados unidos - miami florida","time":{"holiday: Nissan 14, 5786 - Wednesday, April 1, 2026":{"Candle Lighting":"7:20 PM"},"holiday: Nissan 15, 5786 - Thursday, April 2, 2026":{"Candle Lighting after":"8:12 PM"},"holiday: Nissan 16, 5786 - Friday, April 3, 2026":{"Candle Lighting":"7:20 PM"},"holiday: Nissan 17, 5786 - Saturday, April 4, 2026":{"Shabbat Ends":"8:13 PM"},"holiday: Nissan 20, 5786 - Tuesday, April 7, 2026":{"Candle Lighting":"7:22 PM"},"holiday: Nissan 21, 5786 - Wednesday, April 8, 2026":{"Candle Lighting after":"8:15 PM"},"holiday: Nissan 22, 5786 - Thursday, April 9, 2026":{"Holiday Ends":"8:16 PM"},"shabbat: Nissan 23, 5786 - Friday, April 10, 2026":{"Candle Lighting":"7:24 PM"},"shabbat: Nissan 24, 5786 - Saturday, April 11, 2026":{"Shabbat Ends":"8:17 PM"}},"url":"https://www.chabad.org/webservices/Zmanim/CandleLighting/Load_CandleLightingWeeks?locationid=331&locationtype=1&save=1&tdate=3-29-2026"},{"locationName":"israel - raanana","time":{"holiday: Nissan 14, 5786 - Wednesday, April 1, 2026":{"Candle Lighting":"6:40 PM"},"holiday: Nissan 15, 5786 - Thursday, April 2, 2026":{"Holiday Ends":"7:38 PM"},"holiday: Nissan 16, 5786 - Friday, April 3, 2026":{"Candle Lighting":"6:42 PM"},"holiday: Nissan 17, 5786 - Saturday, April 4, 2026":{"Shabbat Ends":"7:39 PM"},"holiday: Nissan 20, 5786 - Tuesday, April 7, 2026":{"Candle Lighting":"6:44 PM"},"holiday: Nissan 21, 5786 - Wednesday, April 8, 2026":{"Holiday Ends":"7:42 PM"}},"url":"https://www.chabad.org/webservices/Zmanim/CandleLighting/Load_CandleLightingWeeks?locationid=937&locationtype=1&save=1&tdate=3-29-2026"},{"locationName":"israel - ierushalaim","time":{"holiday: Nissan 14, 5786 - Wednesday, April 1, 2026":{"Candle Lighting":"6:19 PM"},"holiday: Nissan 15, 5786 - Thursday, April 2, 2026":{"Holiday Ends":"7:36 PM"},"holiday: Nissan 16, 5786 - Friday, April 3, 2026":{"Candle Lighting":"6:20 PM"},"holiday: Nissan 17, 5786 - Saturday, April 4, 2026":{"Shabbat Ends":"7:37 PM"},"holiday: Nissan 20, 5786 - Tuesday, April 7, 2026":{"Candle Lighting":"6:23 PM"},"holiday: Nissan 21, 5786 - Wednesday, April 8, 2026":{"Holiday Ends":"7:40 PM"}},"url":"https://www.chabad.org/webservices/Zmanim/CandleLighting/Load_CandleLightingWeeks?locationid=247&locationtype=1&save=1&tdate=3-29-2026"},{"locationName":"israel - migdal haemek","time":{"holiday: Nissan 14, 5786 - Wednesday, April 1, 2026":{"Candle Lighting":"6:29 PM"},"holiday: Nissan 15, 5786 - Thursday, April 2, 2026":{"Holiday Ends":"7:37 PM"},"holiday: Nissan 16, 5786 - Friday, April 3, 2026":{"Candle Lighting":"6:30 PM"},"holiday: Nissan 17, 5786 - Saturday, April 4, 2026":{"Shabbat Ends":"7:38 PM"},"holiday: Nissan 20, 5786 - Tuesday, April 7, 2026":{"Candle Lighting":"6:33 PM"},"holiday: Nissan 21, 5786 - Wednesday, April 8, 2026":{"Holiday Ends":"7:41 PM"}},"url":"https://www.chabad.org/webservices/Zmanim/CandleLighting/Load_CandleLightingWeeks?locationid=1470&locationtype=1&save=1&tdate=3-29-2026"},{"locationName":"mexico - mexico city","time":{"holiday: Nissan 14, 5786 - Wednesday, April 1, 2026":{"Candle Lighting":"6:33 PM"},"holiday: Nissan 15, 5786 - Thursday, April 2, 2026":{"Candle Lighting after":"7:24 PM"},"holiday: Nissan 16, 5786 - Friday, April 3, 2026":{"Candle Lighting":"6:33 PM"},"holiday: Nissan 17, 5786 - Saturday, April 4, 2026":{"Shabbat Ends":"7:24 PM"},"holiday: Nissan 20, 5786 - Tuesday, April 7, 2026":{"Candle Lighting":"6:34 PM"},"holiday: Nissan 21, 5786 - Wednesday, April 8, 2026":{"Candle Lighting after":"7:25 PM"},"holiday: Nissan 22, 5786 - Thursday, April 9, 2026":{"Holiday Ends":"7:26 PM"},"shabbat: Nissan 23, 5786 - Friday, April 10, 2026":{"Candle Lighting":"6:35 PM"},"shabbat: Nissan 24, 5786 - Saturday, April 11, 2026":{"Shabbat Ends":"7:26 PM"}},"url":"https://www.chabad.org/webservices/Zmanim/CandleLighting/Load_CandleLightingWeeks?locationid=330&locationtype=1&save=1&tdate=3-29-2026"},{"locationName":"panama - panama city","time":{"holiday: Nissan 14, 5786 - Wednesday, April 1, 2026":{"Candle Lighting":"6:10 PM"},"holiday: Nissan 15, 5786 - Thursday, April 2, 2026":{"Candle Lighting after":"6:59 PM"},"holiday: Nissan 16, 5786 - Friday, April 3, 2026":{"Candle Lighting":"6:10 PM"},"holiday: Nissan 17, 5786 - Saturday, April 4, 2026":{"Shabbat Ends":"6:59 PM"},"holiday: Nissan 20, 5786 - Tuesday, April 7, 2026":{"Candle Lighting":"6:10 PM"},"holiday: Nissan 21, 5786 - Wednesday, April 8, 2026":{"Candle Lighting after":"6:59 PM"},"holiday: Nissan 22, 5786 - Thursday, April 9, 2026":{"Holiday Ends":"6:59 PM"},"shabbat: Nissan 23, 5786 - Friday, April 10, 2026":{"Candle Lighting":"6:10 PM"},"shabbat: Nissan 24, 5786 - Saturday, April 11, 2026":{"Shabbat Ends":"6:59 PM"}},"url":"https://www.chabad.org/webservices/Zmanim/CandleLighting/Load_CandleLightingWeeks?locationid=392&locationtype=1&save=1&tdate=3-29-2026"},{"locationName":"peru - lima","time":{"holiday: Nissan 14, 5786 - Wednesday, April 1, 2026":{"Candle Lighting":"5:53 PM"},"holiday: Nissan 15, 5786 - Thursday, April 2, 2026":{"Candle Lighting after":"6:42 PM"},"holiday: Nissan 16, 5786 - Friday, April 3, 2026":{"Candle Lighting":"5:52 PM"},"holiday: Nissan 17, 5786 - Saturday, April 4, 2026":{"Shabbat Ends":"6:41 PM"},"holiday: Nissan 20, 5786 - Tuesday, April 7, 2026":{"Candle Lighting":"5:50 PM"},"holiday: Nissan 21, 5786 - Wednesday, April 8, 2026":{"Candle Lighting after":"6:38 PM"},"holiday: Nissan 22, 5786 - Thursday, April 9, 2026":{"Holiday Ends":"6:38 PM"},"shabbat: Nissan 23, 5786 - Friday, April 10, 2026":{"Candle Lighting":"5:48 PM"},"shabbat: Nissan 24, 5786 - Saturday, April 11, 2026":{"Shabbat Ends":"6:37 PM"}},"url":"https://www.chabad.org/webservices/Zmanim/CandleLighting/Load_CandleLightingWeeks?locationid=295&locationtype=1&save=1&tdate=3-29-2026"},{"locationName":"uruguay - montevideo","time":{"holiday: Nissan 14, 5786 - Wednesday, April 1, 2026":{"Candle Lighting":"6:21 PM"},"holiday: Nissan 15, 5786 - Thursday, April 2, 2026":{"Candle Lighting after":"7:15 PM"},"holiday: Nissan 16, 5786 - Friday, April 3, 2026":{"Candle Lighting":"6:18 PM"},"holiday: Nissan 17, 5786 - Saturday, April 4, 2026":{"Shabbat Ends":"7:12 PM"},"holiday: Nissan 20, 5786 - Tuesday, April 7, 2026":{"Candle Lighting":"6:13 PM"},"holiday: Nissan 21, 5786 - Wednesday, April 8, 2026":{"Candle Lighting after":"7:07 PM"},"holiday: Nissan 22, 5786 - Thursday, April 9, 2026":{"Holiday Ends":"7:06 PM"},"shabbat: Nissan 23, 5786 - Friday, April 10, 2026":{"Candle Lighting":"6:09 PM"},"shabbat: Nissan 24, 5786 - Saturday, April 11, 2026":{"Shabbat Ends":"7:03 PM"}},"url":"https://www.chabad.org/webservices/Zmanim/CandleLighting/Load_CandleLightingWeeks?locationid=342&locationtype=1&save=1&tdate=3-29-2026"},{"locationName":"venezuela - caracas","time":{"holiday: Nissan 14, 5786 - Wednesday, April 1, 2026":{"Candle Lighting":"6:20 PM"},"holiday: Nissan 15, 5786 - Thursday, April 2, 2026":{"Candle Lighting after":"7:10 PM"},"holiday: Nissan 16, 5786 - Friday, April 3, 2026":{"Candle Lighting":"6:20 PM"},"holiday: Nissan 17, 5786 - Saturday, April 4, 2026":{"Shabbat Ends":"7:10 PM"},"holiday: Nissan 20, 5786 - Tuesday, April 7, 2026":{"Candle Lighting":"6:20 PM"},"holiday: Nissan 21, 5786 - Wednesday, April 8, 2026":{"Candle Lighting after":"7:10 PM"},"holiday: Nissan 22, 5786 - Thursday, April 9, 2026":{"Holiday Ends":"7:10 PM"},"shabbat: Nissan 23, 5786 - Friday, April 10, 2026":{"Candle Lighting":"6:20 PM"},"shabbat: Nissan 24, 5786 - Saturday, April 11, 2026":{"Shabbat Ends":"7:10 PM"}},"url":"https://www.chabad.org/webservices/Zmanim/CandleLighting/Load_CandleLightingWeeks?locationid=105&locationtype=1&save=1&tdate=3-29-2026"}]}