{"parasha":"Tzav","study":[{"day":0,"data":{"3 Chapters:":"Shabbat - Chapter Twenty One, Shabbat - Chapter Twenty Two, Shabbat - Chapter Twenty Three","1 Chapter:":"Mikvaot - Chapter 9","Daily Mitzvah:":"Day 44: Negative Commandment 321","date":"Sunday, 15 Nissan 5785 / April 13, 2025","jumashPortion":"Parshat Shemini, 1st Portion (Vayikra (Leviticus) 9:1-9:16)","tehilimPortion":"Chapters 77-78","taniaPortion":"Likutei Amarim, middle of Chapter 40"}},{"day":1,"data":{"3 Chapters:":"Shabbat - Chapter Twenty Four, Shabbat - Chapter Twenty Five, Shabbat - Chapter Twenty Six","1 Chapter:":"Mikvaot - Chapter 10","Daily Mitzvah:":"Day 45: Positive Commandment 155","date":"Monday, 16 Nissan 5785 / April 14, 2025","jumashPortion":"Parshat Shemini, 2nd Portion (Vayikra (Leviticus) 9:17-9:23)","tehilimPortion":"Chapters 79-82","taniaPortion":"Likutei Amarim, end of Chapter 40"}},{"day":2,"data":{"3 Chapters:":"Shabbat - Chapter Twenty Seven, Shabbat - Chapter Twenty Eight, Shabbat - Chapter Twenty Nine","1 Chapter:":"Mikvaot - Chapter 11","Daily Mitzvah:":"Day 46: Positive Commandment 155","date":"Tuesday, 17 Nissan 5785 / April 15, 2025","jumashPortion":"Parshat Shemini, 3rd Portion (Vayikra (Leviticus) 9:24-10:11)","tehilimPortion":"Chapters 83-87","taniaPortion":"Likutei Amarim, beginning of Chapter 41"}},{"day":3,"data":{"3 Chapters:":"Shabbat - Chapter Thirty, Eruvin - Chapter One, Eruvin - Chapter Two","1 Chapter:":"Hilchot Nizkei Mamon - Chapter One","Daily Mitzvah:":"Day 47: Positive Commandment 155","date":"Wednesday, 18 Nissan 5785 / April 16, 2025","jumashPortion":"Parshat Shemini, 4th Portion (Vayikra (Leviticus) 10:12-10:15)","tehilimPortion":"Chapters 88-89","taniaPortion":"Likutei Amarim, middle of Chapter 41"}},{"day":4,"data":{"3 Chapters:":"Eruvin - Chapter Three, Eruvin - Chapter Four, Eruvin - Chapter Five","1 Chapter:":"Hilchot Nizkei Mamon - Chapter Two","Daily Mitzvah:":"Day 48: Negative Commandment 320","date":"Thursday, 19 Nissan 5785 / April 17, 2025","jumashPortion":"Parshat Shemini, 5th Portion (Vayikra (Leviticus) 10:16-10:20)","tehilimPortion":"Chapters 90-96","taniaPortion":"Likutei Amarim, middle of Chapter 41"}},{"day":5,"data":{"3 Chapters:":"Eruvin - Chapter Six, Eruvin - Chapter Seven, Eruvin - Chapter Eight","1 Chapter:":"Hilchot Nizkei Mamon - Chapter Three","Daily Mitzvah:":"Day 49: Negative Commandment 321","date":"Friday, 20 Nissan 5785 / April 18, 2025","jumashPortion":"Parshat Shemini, 6th Portion (Vayikra (Leviticus) 11:1-11:32)","tehilimPortion":"Chapters 97-103","taniaPortion":"Likutei Amarim, middle of Chapter 41"}},{"day":6,"data":{"3 Chapters:":"Shevitat Asor - Chapter One, Shevitat Asor - Chapter Two, Shevitat Asor - Chapter Three","1 Chapter:":"Hilchot Nizkei Mamon - Chapter Four","Daily Mitzvah:":"Day 50: Positive Commandment 165; Negative Commandment 329; Positive Commandment 164; Negative Commandment 196","date":"Shabbat, 21 Nissan 5785 / April 19, 2025","jumashPortion":"Parshat Shemini, 7th Portion (Vayikra (Leviticus) 11:33-11:47)","tehilimPortion":"Chapters 104-105","taniaPortion":"Likutei Amarim, middle of Chapter 41"}}],"velas":[{"locationName":"argentina - buenos aires","time":{"shabbat: Nissan 13, 5785 - Friday, April 11, 2025":{"Candle Lighting":"6:17 PM"},"holiday: Nissan 14, 5785 - Saturday, April 12, 2025":{"Candle Lighting after":"7:11 PM"},"holiday: Nissan 15, 5785 - Sunday, April 13, 2025":{"Candle Lighting after":"7:10 PM"},"holiday: Nissan 16, 5785 - Monday, April 14, 2025":{"Holiday Ends":"7:08 PM"},"holiday: Nissan 20, 5785 - Friday, April 18, 2025":{"Candle Lighting":"6:08 PM"},"holiday: Nissan 21, 5785 - Saturday, April 19, 2025":{"Candle Lighting after":"7:03 PM"},"holiday: Nissan 22, 5785 - Sunday, April 20, 2025":{"Holiday Ends":"7:01 PM"}},"url":"https://www.chabad.org/webservices/Zmanim/CandleLighting/Load_CandleLightingWeeks?locationid=90&locationtype=1&save=1&tdate=4-13-2025"},{"locationName":"argentina - cordoba","time":{"shabbat: Nissan 13, 5785 - Friday, April 11, 2025":{"Candle Lighting":"6:42 PM"},"holiday: Nissan 14, 5785 - Saturday, April 12, 2025":{"Candle Lighting after":"7:35 PM"},"holiday: Nissan 15, 5785 - Sunday, April 13, 2025":{"Candle Lighting after":"7:34 PM"},"holiday: Nissan 16, 5785 - Monday, April 14, 2025":{"Holiday Ends":"7:33 PM"},"holiday: Nissan 20, 5785 - Friday, April 18, 2025":{"Candle Lighting":"6:34 PM"},"holiday: Nissan 21, 5785 - Saturday, April 19, 2025":{"Candle Lighting after":"7:28 PM"},"holiday: Nissan 22, 5785 - Sunday, April 20, 2025":{"Holiday Ends":"7:27 PM"}},"url":"https://www.chabad.org/webservices/Zmanim/CandleLighting/Load_CandleLightingWeeks?locationid=135&locationtype=1&save=1&tdate=4-13-2025"},{"locationName":"argentina - rosario","time":{"shabbat: Nissan 13, 5785 - Friday, April 11, 2025":{"Candle Lighting":"6:27 PM"},"holiday: Nissan 14, 5785 - Saturday, April 12, 2025":{"Candle Lighting after":"7:20 PM"},"holiday: Nissan 15, 5785 - Sunday, April 13, 2025":{"Candle Lighting after":"7:19 PM"},"holiday: Nissan 16, 5785 - Monday, April 14, 2025":{"Holiday Ends":"7:18 PM"},"holiday: Nissan 20, 5785 - Friday, April 18, 2025":{"Candle Lighting":"6:18 PM"},"holiday: Nissan 21, 5785 - Saturday, April 19, 2025":{"Candle Lighting after":"7:12 PM"},"holiday: Nissan 22, 5785 - Sunday, April 20, 2025":{"Holiday Ends":"7:11 PM"}},"url":"https://www.chabad.org/webservices/Zmanim/CandleLighting/Load_CandleLightingWeeks?locationid=746&locationtype=1&save=1&tdate=4-13-2025"},{"locationName":"argentina - tucuman","time":{"shabbat: Nissan 13, 5785 - Friday, April 11, 2025":{"Candle Lighting":"6:50 PM"},"holiday: Nissan 14, 5785 - Saturday, April 12, 2025":{"Candle Lighting after":"7:41 PM"},"holiday: Nissan 15, 5785 - Sunday, April 13, 2025":{"Candle Lighting after":"7:41 PM"},"holiday: Nissan 16, 5785 - Monday, April 14, 2025":{"Holiday Ends":"7:40 PM"},"holiday: Nissan 20, 5785 - Friday, April 18, 2025":{"Candle Lighting":"6:43 PM"},"holiday: Nissan 21, 5785 - Saturday, April 19, 2025":{"Candle Lighting after":"7:35 PM"},"holiday: Nissan 22, 5785 - Sunday, April 20, 2025":{"Holiday Ends":"7:34 PM"}},"url":"https://www.chabad.org/webservices/Zmanim/CandleLighting/Load_CandleLightingWeeks?locationid=837&locationtype=1&save=1&tdate=4-13-2025"},{"locationName":"chile - santiago","time":{"shabbat: Nissan 13, 5785 - Friday, April 11, 2025":{"Candle Lighting":"6:06 PM"},"holiday: Nissan 14, 5785 - Saturday, April 12, 2025":{"Candle Lighting after":"7:00 PM"},"holiday: Nissan 15, 5785 - Sunday, April 13, 2025":{"Candle Lighting after":"6:59 PM"},"holiday: Nissan 16, 5785 - Monday, April 14, 2025":{"Holiday Ends":"6:58 PM"},"holiday: Nissan 20, 5785 - Friday, April 18, 2025":{"Candle Lighting":"5:58 PM"},"holiday: Nissan 21, 5785 - Saturday, April 19, 2025":{"Candle Lighting after":"6:52 PM"},"holiday: Nissan 22, 5785 - Sunday, April 20, 2025":{"Holiday Ends":"6:51 PM"}},"url":"https://www.chabad.org/webservices/Zmanim/CandleLighting/Load_CandleLightingWeeks?locationid=482&locationtype=1&save=1&tdate=4-13-2025"},{"locationName":"colombia - bogota","time":{"shabbat: Nissan 13, 5785 - Friday, April 11, 2025":{"Candle Lighting":"5:45 PM"},"holiday: Nissan 14, 5785 - Saturday, April 12, 2025":{"Candle Lighting after":"6:34 PM"},"holiday: Nissan 15, 5785 - Sunday, April 13, 2025":{"Candle Lighting after":"6:34 PM"},"holiday: Nissan 16, 5785 - Monday, April 14, 2025":{"Holiday Ends":"6:34 PM"},"holiday: Nissan 20, 5785 - Friday, April 18, 2025":{"Candle Lighting":"5:45 PM"},"holiday: Nissan 21, 5785 - Saturday, April 19, 2025":{"Candle Lighting after":"6:34 PM"},"holiday: Nissan 22, 5785 - Sunday, April 20, 2025":{"Holiday Ends":"6:34 PM"}},"url":"https://www.chabad.org/webservices/Zmanim/CandleLighting/Load_CandleLightingWeeks?locationid=66&locationtype=1&save=1&tdate=4-13-2025"},{"locationName":"colombia - medellin","time":{"shabbat: Nissan 13, 5785 - Friday, April 11, 2025":{"Candle Lighting":"5:52 PM"},"holiday: Nissan 14, 5785 - Saturday, April 12, 2025":{"Candle Lighting after":"6:42 PM"},"holiday: Nissan 15, 5785 - Sunday, April 13, 2025":{"Candle Lighting after":"6:42 PM"},"holiday: Nissan 16, 5785 - Monday, April 14, 2025":{"Holiday Ends":"6:42 PM"},"holiday: Nissan 20, 5785 - Friday, April 18, 2025":{"Candle Lighting":"5:52 PM"},"holiday: Nissan 21, 5785 - Saturday, April 19, 2025":{"Candle Lighting after":"6:41 PM"},"holiday: Nissan 22, 5785 - Sunday, April 20, 2025":{"Holiday Ends":"6:41 PM"}},"url":"https://www.chabad.org/webservices/Zmanim/CandleLighting/Load_CandleLightingWeeks?locationid=326&locationtype=1&save=1&tdate=4-13-2025"},{"locationName":"costa rica - san jose","time":{"shabbat: Nissan 13, 5785 - Friday, April 11, 2025":{"Candle Lighting":"5:29 PM"},"holiday: Nissan 14, 5785 - Saturday, April 12, 2025":{"Candle Lighting after":"6:18 PM"},"holiday: Nissan 15, 5785 - Sunday, April 13, 2025":{"Candle Lighting after":"6:18 PM"},"holiday: Nissan 16, 5785 - Monday, April 14, 2025":{"Holiday Ends":"6:18 PM"},"holiday: Nissan 20, 5785 - Friday, April 18, 2025":{"Candle Lighting":"5:29 PM"},"holiday: Nissan 21, 5785 - Saturday, April 19, 2025":{"Candle Lighting after":"6:19 PM"},"holiday: Nissan 22, 5785 - Sunday, April 20, 2025":{"Holiday Ends":"6:19 PM"}},"url":"https://www.chabad.org/webservices/Zmanim/CandleLighting/Load_CandleLightingWeeks?locationid=621&locationtype=1&save=1&tdate=4-13-2025"},{"locationName":"españa - barcelona","time":{"shabbat: Nissan 13, 5785 - Friday, April 11, 2025":{"Candle Lighting":"8:09 PM"},"holiday: Nissan 14, 5785 - Saturday, April 12, 2025":{"Candle Lighting after":"9:11 PM"},"holiday: Nissan 15, 5785 - Sunday, April 13, 2025":{"Candle Lighting after":"9:12 PM"},"holiday: Nissan 16, 5785 - Monday, April 14, 2025":{"Holiday Ends":"9:14 PM"},"holiday: Nissan 20, 5785 - Friday, April 18, 2025":{"Candle Lighting":"8:17 PM"},"holiday: Nissan 21, 5785 - Saturday, April 19, 2025":{"Candle Lighting after":"9:20 PM"},"holiday: Nissan 22, 5785 - Sunday, April 20, 2025":{"Holiday Ends":"9:21 PM"}},"url":"https://www.chabad.org/webservices/Zmanim/CandleLighting/Load_CandleLightingWeeks?locationid=44&locationtype=1&save=1&tdate=4-13-2025"},{"locationName":"españa - madrid","time":{"shabbat: Nissan 13, 5785 - Friday, April 11, 2025":{"Candle Lighting":"8:32 PM"},"holiday: Nissan 14, 5785 - Saturday, April 12, 2025":{"Candle Lighting after":"9:33 PM"},"holiday: Nissan 15, 5785 - Sunday, April 13, 2025":{"Candle Lighting after":"9:34 PM"},"holiday: Nissan 16, 5785 - Monday, April 14, 2025":{"Holiday Ends":"9:35 PM"},"holiday: Nissan 20, 5785 - Friday, April 18, 2025":{"Candle Lighting":"8:39 PM"},"holiday: Nissan 21, 5785 - Saturday, April 19, 2025":{"Candle Lighting after":"9:41 PM"},"holiday: Nissan 22, 5785 - Sunday, April 20, 2025":{"Holiday Ends":"9:42 PM"}},"url":"https://www.chabad.org/webservices/Zmanim/CandleLighting/Load_CandleLightingWeeks?locationid=314&locationtype=1&save=1&tdate=4-13-2025"},{"locationName":"estados unidos - New York","time":{"shabbat: Nissan 13, 5785 - Friday, April 11, 2025":{"Candle Lighting":"7:13 PM"},"holiday: Nissan 14, 5785 - Saturday, April 12, 2025":{"Candle Lighting after":"8:15 PM"},"holiday: Nissan 15, 5785 - Sunday, April 13, 2025":{"Candle Lighting after":"8:16 PM"},"holiday: Nissan 16, 5785 - Monday, April 14, 2025":{"Holiday Ends":"8:17 PM"},"holiday: Nissan 20, 5785 - Friday, April 18, 2025":{"Candle Lighting":"7:21 PM"},"holiday: Nissan 21, 5785 - Saturday, April 19, 2025":{"Candle Lighting after":"8:23 PM"},"holiday: Nissan 22, 5785 - Sunday, April 20, 2025":{"Holiday Ends":"8:24 PM"}},"url":"https://www.chabad.org/webservices/Zmanim/CandleLighting/Load_CandleLightingWeeks?locationid=370&locationtype=1&save=1&tdate=4-13-2025"},{"locationName":"estados unidos - miami florida","time":{"shabbat: Nissan 13, 5785 - Friday, April 11, 2025":{"Candle Lighting":"7:24 PM"},"holiday: Nissan 14, 5785 - Saturday, April 12, 2025":{"Candle Lighting after":"8:18 PM"},"holiday: Nissan 15, 5785 - Sunday, April 13, 2025":{"Candle Lighting after":"8:18 PM"},"holiday: Nissan 16, 5785 - Monday, April 14, 2025":{"Holiday Ends":"8:19 PM"},"holiday: Nissan 20, 5785 - Friday, April 18, 2025":{"Candle Lighting":"7:28 PM"},"holiday: Nissan 21, 5785 - Saturday, April 19, 2025":{"Candle Lighting after":"8:21 PM"},"holiday: Nissan 22, 5785 - Sunday, April 20, 2025":{"Holiday Ends":"8:22 PM"}},"url":"https://www.chabad.org/webservices/Zmanim/CandleLighting/Load_CandleLightingWeeks?locationid=331&locationtype=1&save=1&tdate=4-13-2025"},{"locationName":"israel - raanana","time":{"shabbat: Nissan 13, 5785 - Friday, April 11, 2025":{"Candle Lighting":"6:47 PM"},"holiday: Nissan 14, 5785 - Saturday, April 12, 2025":{"Candle Lighting after":"7:45 PM"},"holiday: Nissan 15, 5785 - Sunday, April 13, 2025":{"Holiday Ends":"7:46 PM"},"holiday: Nissan 20, 5785 - Friday, April 18, 2025":{"Candle Lighting":"6:52 PM"},"holiday: Nissan 21, 5785 - Saturday, April 19, 2025":{"Shabbat/Holiday Ends":"7:51 PM"}},"url":"https://www.chabad.org/webservices/Zmanim/CandleLighting/Load_CandleLightingWeeks?locationid=937&locationtype=1&save=1&tdate=4-13-2025"},{"locationName":"israel - ierushalaim","time":{"shabbat: Nissan 13, 5785 - Friday, April 11, 2025":{"Candle Lighting":"6:26 PM"},"holiday: Nissan 14, 5785 - Saturday, April 12, 2025":{"Candle Lighting after":"7:43 PM"},"holiday: Nissan 15, 5785 - Sunday, April 13, 2025":{"Holiday Ends":"7:44 PM"},"holiday: Nissan 20, 5785 - Friday, April 18, 2025":{"Candle Lighting":"6:30 PM"},"holiday: Nissan 21, 5785 - Saturday, April 19, 2025":{"Shabbat/Holiday Ends":"7:49 PM"}},"url":"https://www.chabad.org/webservices/Zmanim/CandleLighting/Load_CandleLightingWeeks?locationid=247&locationtype=1&save=1&tdate=4-13-2025"},{"locationName":"israel - migdal haemek","time":{"shabbat: Nissan 13, 5785 - Friday, April 11, 2025":{"Candle Lighting":"6:36 PM"},"holiday: Nissan 14, 5785 - Saturday, April 12, 2025":{"Candle Lighting after":"7:44 PM"},"holiday: Nissan 15, 5785 - Sunday, April 13, 2025":{"Holiday Ends":"7:45 PM"},"holiday: Nissan 20, 5785 - Friday, April 18, 2025":{"Candle Lighting":"6:41 PM"},"holiday: Nissan 21, 5785 - Saturday, April 19, 2025":{"Shabbat/Holiday Ends":"7:50 PM"}},"url":"https://www.chabad.org/webservices/Zmanim/CandleLighting/Load_CandleLightingWeeks?locationid=1470&locationtype=1&save=1&tdate=4-13-2025"},{"locationName":"mexico - mexico city","time":{"shabbat: Nissan 13, 5785 - Friday, April 11, 2025":{"Candle Lighting":"6:35 PM"},"holiday: Nissan 14, 5785 - Saturday, April 12, 2025":{"Candle Lighting after":"7:27 PM"},"holiday: Nissan 15, 5785 - Sunday, April 13, 2025":{"Candle Lighting after":"7:27 PM"},"holiday: Nissan 16, 5785 - Monday, April 14, 2025":{"Holiday Ends":"7:27 PM"},"holiday: Nissan 20, 5785 - Friday, April 18, 2025":{"Candle Lighting":"6:37 PM"},"holiday: Nissan 21, 5785 - Saturday, April 19, 2025":{"Candle Lighting after":"7:29 PM"},"holiday: Nissan 22, 5785 - Sunday, April 20, 2025":{"Holiday Ends":"7:30 PM"}},"url":"https://www.chabad.org/webservices/Zmanim/CandleLighting/Load_CandleLightingWeeks?locationid=330&locationtype=1&save=1&tdate=4-13-2025"},{"locationName":"panama - panama city","time":{"shabbat: Nissan 13, 5785 - Friday, April 11, 2025":{"Candle Lighting":"6:10 PM"},"holiday: Nissan 14, 5785 - Saturday, April 12, 2025":{"Candle Lighting after":"6:59 PM"},"holiday: Nissan 15, 5785 - Sunday, April 13, 2025":{"Candle Lighting after":"6:59 PM"},"holiday: Nissan 16, 5785 - Monday, April 14, 2025":{"Holiday Ends":"6:59 PM"},"holiday: Nissan 20, 5785 - Friday, April 18, 2025":{"Candle Lighting":"6:10 PM"},"holiday: Nissan 21, 5785 - Saturday, April 19, 2025":{"Candle Lighting after":"7:00 PM"},"holiday: Nissan 22, 5785 - Sunday, April 20, 2025":{"Holiday Ends":"7:00 PM"}},"url":"https://www.chabad.org/webservices/Zmanim/CandleLighting/Load_CandleLightingWeeks?locationid=392&locationtype=1&save=1&tdate=4-13-2025"},{"locationName":"peru - lima","time":{"shabbat: Nissan 13, 5785 - Friday, April 11, 2025":{"Candle Lighting":"5:47 PM"},"holiday: Nissan 14, 5785 - Saturday, April 12, 2025":{"Candle Lighting after":"6:36 PM"},"holiday: Nissan 15, 5785 - Sunday, April 13, 2025":{"Candle Lighting after":"6:36 PM"},"holiday: Nissan 16, 5785 - Monday, April 14, 2025":{"Holiday Ends":"6:35 PM"},"holiday: Nissan 20, 5785 - Friday, April 18, 2025":{"Candle Lighting":"5:43 PM"},"holiday: Nissan 21, 5785 - Saturday, April 19, 2025":{"Candle Lighting after":"6:33 PM"},"holiday: Nissan 22, 5785 - Sunday, April 20, 2025":{"Holiday Ends":"6:32 PM"}},"url":"https://www.chabad.org/webservices/Zmanim/CandleLighting/Load_CandleLightingWeeks?locationid=295&locationtype=1&save=1&tdate=4-13-2025"},{"locationName":"uruguay - montevideo","time":{"shabbat: Nissan 13, 5785 - Friday, April 11, 2025":{"Candle Lighting":"6:07 PM"},"holiday: Nissan 14, 5785 - Saturday, April 12, 2025":{"Candle Lighting after":"7:02 PM"},"holiday: Nissan 15, 5785 - Sunday, April 13, 2025":{"Candle Lighting after":"7:00 PM"},"holiday: Nissan 16, 5785 - Monday, April 14, 2025":{"Holiday Ends":"6:59 PM"},"holiday: Nissan 20, 5785 - Friday, April 18, 2025":{"Candle Lighting":"5:58 PM"},"holiday: Nissan 21, 5785 - Saturday, April 19, 2025":{"Candle Lighting after":"6:53 PM"},"holiday: Nissan 22, 5785 - Sunday, April 20, 2025":{"Holiday Ends":"6:52 PM"}},"url":"https://www.chabad.org/webservices/Zmanim/CandleLighting/Load_CandleLightingWeeks?locationid=342&locationtype=1&save=1&tdate=4-13-2025"},{"locationName":"venezuela - caracas","time":{"shabbat: Nissan 13, 5785 - Friday, April 11, 2025":{"Candle Lighting":"6:20 PM"},"holiday: Nissan 14, 5785 - Saturday, April 12, 2025":{"Candle Lighting after":"7:10 PM"},"holiday: Nissan 15, 5785 - Sunday, April 13, 2025":{"Candle Lighting after":"7:10 PM"},"holiday: Nissan 16, 5785 - Monday, April 14, 2025":{"Holiday Ends":"7:10 PM"},"holiday: Nissan 20, 5785 - Friday, April 18, 2025":{"Candle Lighting":"6:21 PM"},"holiday: Nissan 21, 5785 - Saturday, April 19, 2025":{"Candle Lighting after":"7:11 PM"},"holiday: Nissan 22, 5785 - Sunday, April 20, 2025":{"Holiday Ends":"7:11 PM"}},"url":"https://www.chabad.org/webservices/Zmanim/CandleLighting/Load_CandleLightingWeeks?locationid=105&locationtype=1&save=1&tdate=4-13-2025"}]}