{"parasha":"Acharei-Kedoshim","study":[{"day":0,"data":{"3 Chapters:":"Ishut - Chapter Twenty, Ishut - Chapter Twenty One, Ishut - Chapter Twenty Two","1 Chapter:":"Tefilah and Birkat Kohanim - Chapter Fourteen","Daily Mitzvah:":"Day 76: Positive Commandment 212","date":"Sunday, 2 Iyar 5786 / April 19, 2026","jumashPortion":"Parshat Acharei-Kedoshim, 1st Portion (Vayikra (Leviticus) 16:1-16:24)","tehilimPortion":"Chapters 10-17","taniaPortion":"Likutei Amarim, beginning of Chapter 44"}},{"day":1,"data":{"3 Chapters:":"Ishut - Chapter Twenty Three, Ishut - Chapter Twenty Four, Ishut - Chapter Twenty Five","1 Chapter:":"Tefilah and Birkat Kohanim - Chapter Fifteen","Daily Mitzvah:":"Day 77: Positive Commandment 212","date":"Monday, 3 Iyar 5786 / April 20, 2026","jumashPortion":"Parshat Acharei-Kedoshim, 2nd Portion (Vayikra (Leviticus) 16:25-17:7)","tehilimPortion":"Chapters 18-22","taniaPortion":"Likutei Amarim, middle of Chapter 44"}},{"day":2,"data":{"3 Chapters:":"Gerushin - Chapter One, Gerushin - Chapter Two, Gerushin - Chapter Three","1 Chapter:":"Tefillin, Mezuzah and Sefer Torah - Chapter One","Daily Mitzvah:":"Day 78: Positive Commandment 222","date":"Tuesday, 4 Iyar 5786 / April 21, 2026","jumashPortion":"Parshat Acharei-Kedoshim, 3rd Portion (Vayikra (Leviticus) 17:8-18:21)","tehilimPortion":"Chapters 23-28","taniaPortion":"Likutei Amarim, middle of Chapter 44"}},{"day":3,"data":{"3 Chapters:":"Gerushin - Chapter Four, Gerushin - Chapter Five, Gerushin - Chapter Six","1 Chapter:":"Tefillin, Mezuzah and Sefer Torah - Chapter Two","Daily Mitzvah:":"Day 79: Positive Commandment 222","date":"Wednesday, 5 Iyar 5786 / April 22, 2026","jumashPortion":"Parshat Acharei-Kedoshim, 4th Portion (Vayikra (Leviticus) 18:22-19:14)","tehilimPortion":"Chapters 29-34","taniaPortion":"Likutei Amarim, middle of Chapter 44"}},{"day":4,"data":{"3 Chapters:":"Gerushin - Chapter Seven, Gerushin - Chapter Eight, Gerushin - Chapter Nine","1 Chapter:":"Tefillin, Mezuzah and Sefer Torah - Chapter Three","Daily Mitzvah:":"Day 80: Negative Commandment 356","date":"Thursday, 6 Iyar 5786 / April 23, 2026","jumashPortion":"Parshat Acharei-Kedoshim, 5th Portion (Vayikra (Leviticus) 19:15-19:32)","tehilimPortion":"Chapters 35-38","taniaPortion":"Likutei Amarim, end of Chapter 44"}},{"day":5,"data":{"3 Chapters:":"Gerushin - Chapter Ten, Gerushin - Chapter Eleven, Gerushin - Chapter Twelve","1 Chapter:":"Tefillin, Mezuzah and Sefer Torah - Chapter Four","Daily Mitzvah:":"Day 81: Negative Commandment 356","date":"Friday, 7 Iyar 5786 / April 24, 2026","jumashPortion":"Parshat Acharei-Kedoshim, 6th Portion (Vayikra (Leviticus) 19:33-20:7)","tehilimPortion":"Chapters 39-43","taniaPortion":"Likutei Amarim, beginning of Chapter 45"}},{"day":6,"data":{"3 Chapters:":"Gerushin - Chapter Thirteen, Yibbum vChalitzah - Chapter One, Yibbum vChalitzah - Chapter Two","1 Chapter:":"Tefillin, Mezuzah and Sefer Torah - Chapter Five","Daily Mitzvah:":"Day 82: Negative Commandment 356; Positive Commandment 216","date":"Shabbat, 8 Iyar 5786 / April 25, 2026","jumashPortion":"Parshat Acharei-Kedoshim, 7th Portion (Vayikra (Leviticus) 20:8-20:27)","tehilimPortion":"Chapters 44-48","taniaPortion":"Likutei Amarim, end of Chapter 45"}}],"velas":[{"locationName":"argentina - buenos aires","time":{"shabbat: Iyar 7, 5786 - Friday, April 24, 2026":{"Candle Lighting":"6:01 PM"},"shabbat: Iyar 8, 5786 - Saturday, April 25, 2026":{"Shabbat Ends":"6:56 PM"}},"url":"https://www.chabad.org/webservices/Zmanim/CandleLighting/Load_CandleLightingWeeks?locationid=90&locationtype=1&save=1&tdate=4-19-2026"},{"locationName":"argentina - cordoba","time":{"shabbat: Iyar 7, 5786 - Friday, April 24, 2026":{"Candle Lighting":"6:28 PM"},"shabbat: Iyar 8, 5786 - Saturday, April 25, 2026":{"Shabbat Ends":"7:22 PM"}},"url":"https://www.chabad.org/webservices/Zmanim/CandleLighting/Load_CandleLightingWeeks?locationid=135&locationtype=1&save=1&tdate=4-19-2026"},{"locationName":"argentina - rosario","time":{"shabbat: Iyar 7, 5786 - Friday, April 24, 2026":{"Candle Lighting":"6:12 PM"},"shabbat: Iyar 8, 5786 - Saturday, April 25, 2026":{"Shabbat Ends":"7:06 PM"}},"url":"https://www.chabad.org/webservices/Zmanim/CandleLighting/Load_CandleLightingWeeks?locationid=746&locationtype=1&save=1&tdate=4-19-2026"},{"locationName":"argentina - tucuman","time":{"shabbat: Iyar 7, 5786 - Friday, April 24, 2026":{"Candle Lighting":"6:38 PM"},"shabbat: Iyar 8, 5786 - Saturday, April 25, 2026":{"Shabbat Ends":"7:30 PM"}},"url":"https://www.chabad.org/webservices/Zmanim/CandleLighting/Load_CandleLightingWeeks?locationid=837&locationtype=1&save=1&tdate=4-19-2026"},{"locationName":"chile - santiago","time":{"shabbat: Iyar 7, 5786 - Friday, April 24, 2026":{"Candle Lighting":"5:51 PM"},"shabbat: Iyar 8, 5786 - Saturday, April 25, 2026":{"Shabbat Ends":"6:46 PM"}},"url":"https://www.chabad.org/webservices/Zmanim/CandleLighting/Load_CandleLightingWeeks?locationid=482&locationtype=1&save=1&tdate=4-19-2026"},{"locationName":"colombia - bogota","time":{"shabbat: Iyar 7, 5786 - Friday, April 24, 2026":{"Candle Lighting":"5:44 PM"},"shabbat: Iyar 8, 5786 - Saturday, April 25, 2026":{"Shabbat Ends":"6:34 PM"}},"url":"https://www.chabad.org/webservices/Zmanim/CandleLighting/Load_CandleLightingWeeks?locationid=66&locationtype=1&save=1&tdate=4-19-2026"},{"locationName":"colombia - medellin","time":{"shabbat: Iyar 7, 5786 - Friday, April 24, 2026":{"Candle Lighting":"5:52 PM"},"shabbat: Iyar 8, 5786 - Saturday, April 25, 2026":{"Shabbat Ends":"6:41 PM"}},"url":"https://www.chabad.org/webservices/Zmanim/CandleLighting/Load_CandleLightingWeeks?locationid=326&locationtype=1&save=1&tdate=4-19-2026"},{"locationName":"costa rica - san jose","time":{"shabbat: Iyar 7, 5786 - Friday, April 24, 2026":{"Candle Lighting":"5:29 PM"},"shabbat: Iyar 8, 5786 - Saturday, April 25, 2026":{"Shabbat Ends":"6:19 PM"}},"url":"https://www.chabad.org/webservices/Zmanim/CandleLighting/Load_CandleLightingWeeks?locationid=621&locationtype=1&save=1&tdate=4-19-2026"},{"locationName":"españa - barcelona","time":{"shabbat: Iyar 7, 5786 - Friday, April 24, 2026":{"Candle Lighting":"8:23 PM"},"shabbat: Iyar 8, 5786 - Saturday, April 25, 2026":{"Shabbat Ends":"9:27 PM"}},"url":"https://www.chabad.org/webservices/Zmanim/CandleLighting/Load_CandleLightingWeeks?locationid=44&locationtype=1&save=1&tdate=4-19-2026"},{"locationName":"españa - madrid","time":{"shabbat: Iyar 7, 5786 - Friday, April 24, 2026":{"Candle Lighting":"8:45 PM"},"shabbat: Iyar 8, 5786 - Saturday, April 25, 2026":{"Shabbat Ends":"9:48 PM"}},"url":"https://www.chabad.org/webservices/Zmanim/CandleLighting/Load_CandleLightingWeeks?locationid=314&locationtype=1&save=1&tdate=4-19-2026"},{"locationName":"estados unidos - New York","time":{"shabbat: Iyar 7, 5786 - Friday, April 24, 2026":{"Candle Lighting":"7:27 PM"},"shabbat: Iyar 8, 5786 - Saturday, April 25, 2026":{"Shabbat Ends":"8:30 PM"}},"url":"https://www.chabad.org/webservices/Zmanim/CandleLighting/Load_CandleLightingWeeks?locationid=370&locationtype=1&save=1&tdate=4-19-2026"},{"locationName":"estados unidos - miami florida","time":{"shabbat: Iyar 7, 5786 - Friday, April 24, 2026":{"Candle Lighting":"7:30 PM"},"shabbat: Iyar 8, 5786 - Saturday, April 25, 2026":{"Shabbat Ends":"8:25 PM"}},"url":"https://www.chabad.org/webservices/Zmanim/CandleLighting/Load_CandleLightingWeeks?locationid=331&locationtype=1&save=1&tdate=4-19-2026"},{"locationName":"israel - raanana","time":{"shabbat: Iyar 7, 5786 - Friday, April 24, 2026":{"Candle Lighting":"6:56 PM"},"shabbat: Iyar 8, 5786 - Saturday, April 25, 2026":{"Shabbat Ends":"7:55 PM"}},"url":"https://www.chabad.org/webservices/Zmanim/CandleLighting/Load_CandleLightingWeeks?locationid=937&locationtype=1&save=1&tdate=4-19-2026"},{"locationName":"israel - ierushalaim","time":{"shabbat: Iyar 7, 5786 - Friday, April 24, 2026":{"Candle Lighting":"6:34 PM"},"shabbat: Iyar 8, 5786 - Saturday, April 25, 2026":{"Shabbat Ends":"7:53 PM"}},"url":"https://www.chabad.org/webservices/Zmanim/CandleLighting/Load_CandleLightingWeeks?locationid=247&locationtype=1&save=1&tdate=4-19-2026"},{"locationName":"israel - migdal haemek","time":{"shabbat: Iyar 7, 5786 - Friday, April 24, 2026":{"Candle Lighting":"6:45 PM"},"shabbat: Iyar 8, 5786 - Saturday, April 25, 2026":{"Shabbat Ends":"7:55 PM"}},"url":"https://www.chabad.org/webservices/Zmanim/CandleLighting/Load_CandleLightingWeeks?locationid=1470&locationtype=1&save=1&tdate=4-19-2026"},{"locationName":"mexico - mexico city","time":{"shabbat: Iyar 7, 5786 - Friday, April 24, 2026":{"Candle Lighting":"6:39 PM"},"shabbat: Iyar 8, 5786 - Saturday, April 25, 2026":{"Shabbat Ends":"7:31 PM"}},"url":"https://www.chabad.org/webservices/Zmanim/CandleLighting/Load_CandleLightingWeeks?locationid=330&locationtype=1&save=1&tdate=4-19-2026"},{"locationName":"panama - panama city","time":{"shabbat: Iyar 7, 5786 - Friday, April 24, 2026":{"Candle Lighting":"6:10 PM"},"shabbat: Iyar 8, 5786 - Saturday, April 25, 2026":{"Shabbat Ends":"7:00 PM"}},"url":"https://www.chabad.org/webservices/Zmanim/CandleLighting/Load_CandleLightingWeeks?locationid=392&locationtype=1&save=1&tdate=4-19-2026"},{"locationName":"peru - lima","time":{"shabbat: Iyar 7, 5786 - Friday, April 24, 2026":{"Candle Lighting":"5:40 PM"},"shabbat: Iyar 8, 5786 - Saturday, April 25, 2026":{"Shabbat Ends":"6:30 PM"}},"url":"https://www.chabad.org/webservices/Zmanim/CandleLighting/Load_CandleLightingWeeks?locationid=295&locationtype=1&save=1&tdate=4-19-2026"},{"locationName":"uruguay - montevideo","time":{"shabbat: Iyar 7, 5786 - Friday, April 24, 2026":{"Candle Lighting":"5:52 PM"},"shabbat: Iyar 8, 5786 - Saturday, April 25, 2026":{"Shabbat Ends":"6:47 PM"}},"url":"https://www.chabad.org/webservices/Zmanim/CandleLighting/Load_CandleLightingWeeks?locationid=342&locationtype=1&save=1&tdate=4-19-2026"},{"locationName":"venezuela - caracas","time":{"shabbat: Iyar 7, 5786 - Friday, April 24, 2026":{"Candle Lighting":"6:21 PM"},"shabbat: Iyar 8, 5786 - Saturday, April 25, 2026":{"Shabbat Ends":"7:11 PM"}},"url":"https://www.chabad.org/webservices/Zmanim/CandleLighting/Load_CandleLightingWeeks?locationid=105&locationtype=1&save=1&tdate=4-19-2026"}]}