{"parasha":"Passover - Shemini","study":[{"day":0,"data":{"3 Chapters:":"Kiddush HaChodesh - Chapter Six, Kiddush HaChodesh - Chapter Seven, Kiddush HaChodesh - Chapter Eight","1 Chapter:":"Kri'at Shema - Chapter Four","Daily Mitzvah:":"Day 62: Positive Commandment 153","date":"Sunday, 18 Nissan 5786 / April 5, 2026","jumashPortion":"Parshat Shemini, 1st Portion (Vayikra (Leviticus) 9:1-9:16)","tehilimPortion":"Chapters 88-89","taniaPortion":"Likutei Amarim, middle of Chapter 41"}},{"day":1,"data":{"3 Chapters:":"Kiddush HaChodesh - Chapter Nine, Kiddush HaChodesh - Chapter Ten, Kiddush HaChodesh - Chapter Eleven","1 Chapter:":"Tefilah and Birkat Kohanim - Chapter One","Daily Mitzvah:":"Day 63: Positive Commandment 153","date":"Monday, 19 Nissan 5786 / April 6, 2026","jumashPortion":"Parshat Shemini, 2nd Portion (Vayikra (Leviticus) 9:17-9:23)","tehilimPortion":"Chapters 90-96","taniaPortion":"Likutei Amarim, middle of Chapter 41"}},{"day":2,"data":{"3 Chapters:":"Kiddush HaChodesh - Chapter Twelve, Kiddush HaChodesh - Chapter Thirteen, Kiddush HaChodesh - Chapter Fourteen","1 Chapter:":"Tefilah and Birkat Kohanim - Chapter Two","Daily Mitzvah:":"Day 64: Positive Commandment 153","date":"Tuesday, 20 Nissan 5786 / April 7, 2026","jumashPortion":"Parshat Shemini, 3rd Portion (Vayikra (Leviticus) 9:24-10:11)","tehilimPortion":"Chapters 97-103","taniaPortion":"Likutei Amarim, middle of Chapter 41"}},{"day":3,"data":{"3 Chapters:":"Kiddush HaChodesh - Chapter Fifteen, Kiddush HaChodesh - Chapter Sixteen, Kiddush HaChodesh - Chapter Seventeen","1 Chapter:":"Tefilah and Birkat Kohanim - Chapter Three","Daily Mitzvah:":"Day 65: Positive Commandment 153","date":"Wednesday, 21 Nissan 5786 / April 8, 2026","jumashPortion":"Parshat Shemini, 4th Portion (Vayikra (Leviticus) 10:12-10:15)","tehilimPortion":"Chapters 104-105","taniaPortion":"Likutei Amarim, middle of Chapter 41"}},{"day":4,"data":{"3 Chapters:":"Kiddush HaChodesh - Chapter Eighteen, Kiddush HaChodesh - Chapter Nineteen, Ta'aniyot - Chapter One","1 Chapter:":"Tefilah and Birkat Kohanim - Chapter Four","Daily Mitzvah:":"Day 66: Positive Commandment 153, 59","date":"Thursday, 22 Nissan 5786 / April 9, 2026","jumashPortion":"Parshat Shemini, 5th Portion (Vayikra (Leviticus) 10:16-10:20)","tehilimPortion":"Chapters 106-107","taniaPortion":"Likutei Amarim, middle of Chapter 41"}},{"day":5,"data":{"3 Chapters:":"Ta'aniyot - Chapter Two, Ta'aniyot - Chapter Three, Ta'aniyot - Chapter Four","1 Chapter:":"Tefilah and Birkat Kohanim - Chapter Five","Daily Mitzvah:":"Day 67: Positive Commandment 59","date":"Friday, 23 Nissan 5786 / April 10, 2026","jumashPortion":"Parshat Shemini, 6th Portion (Vayikra (Leviticus) 11:1-11:32)","tehilimPortion":"Chapters 108-112","taniaPortion":"Likutei Amarim, end of Chapter 41"}},{"day":6,"data":{"3 Chapters:":"Ta'aniyot - Chapter Five, Megillah v'Chanukah - Chapter One, Megillah v'Chanukah - Chapter Two","1 Chapter:":"Tefilah and Birkat Kohanim - Chapter Six","Daily Mitzvah:":"Day 68: Positive Commandment 59; Laws of Megillah and Chanukah Chapters 1; and 2","date":"Shabbat, 24 Nissan 5786 / April 11, 2026","jumashPortion":"Parshat Shemini, 7th Portion (Vayikra (Leviticus) 11:33-11:47)","tehilimPortion":"Chapters 113-118","taniaPortion":"Likutei Amarim, beginning of Chapter 42"}}],"velas":[{"locationName":"argentina - buenos aires","time":{"holiday: Nissan 20, 5786 - Tuesday, April 7, 2026":{"Candle Lighting":"6:22 PM"},"holiday: Nissan 21, 5786 - Wednesday, April 8, 2026":{"Candle Lighting after":"7:16 PM"},"holiday: Nissan 22, 5786 - Thursday, April 9, 2026":{"Holiday Ends":"7:15 PM"},"shabbat: Nissan 23, 5786 - Friday, April 10, 2026":{"Candle Lighting":"6:18 PM"},"shabbat: Nissan 24, 5786 - Saturday, April 11, 2026":{"Shabbat Ends":"7:12 PM"}},"url":"https://www.chabad.org/webservices/Zmanim/CandleLighting/Load_CandleLightingWeeks?locationid=90&locationtype=1&save=1&tdate=4-5-2026"},{"locationName":"argentina - cordoba","time":{"holiday: Nissan 20, 5786 - Tuesday, April 7, 2026":{"Candle Lighting":"6:47 PM"},"holiday: Nissan 21, 5786 - Wednesday, April 8, 2026":{"Candle Lighting after":"7:40 PM"},"holiday: Nissan 22, 5786 - Thursday, April 9, 2026":{"Holiday Ends":"7:39 PM"},"shabbat: Nissan 23, 5786 - Friday, April 10, 2026":{"Candle Lighting":"6:44 PM"},"shabbat: Nissan 24, 5786 - Saturday, April 11, 2026":{"Shabbat Ends":"7:37 PM"}},"url":"https://www.chabad.org/webservices/Zmanim/CandleLighting/Load_CandleLightingWeeks?locationid=135&locationtype=1&save=1&tdate=4-5-2026"},{"locationName":"argentina - rosario","time":{"holiday: Nissan 20, 5786 - Tuesday, April 7, 2026":{"Candle Lighting":"6:32 PM"},"holiday: Nissan 21, 5786 - Wednesday, April 8, 2026":{"Candle Lighting after":"7:25 PM"},"holiday: Nissan 22, 5786 - Thursday, April 9, 2026":{"Holiday Ends":"7:24 PM"},"shabbat: Nissan 23, 5786 - Friday, April 10, 2026":{"Candle Lighting":"6:28 PM"},"shabbat: Nissan 24, 5786 - Saturday, April 11, 2026":{"Shabbat Ends":"7:22 PM"}},"url":"https://www.chabad.org/webservices/Zmanim/CandleLighting/Load_CandleLightingWeeks?locationid=746&locationtype=1&save=1&tdate=4-5-2026"},{"locationName":"argentina - tucuman","time":{"holiday: Nissan 20, 5786 - Tuesday, April 7, 2026":{"Candle Lighting":"6:54 PM"},"holiday: Nissan 21, 5786 - Wednesday, April 8, 2026":{"Candle Lighting after":"7:46 PM"},"holiday: Nissan 22, 5786 - Thursday, April 9, 2026":{"Holiday Ends":"7:45 PM"},"shabbat: Nissan 23, 5786 - Friday, April 10, 2026":{"Candle Lighting":"6:51 PM"},"shabbat: Nissan 24, 5786 - Saturday, April 11, 2026":{"Shabbat Ends":"7:43 PM"}},"url":"https://www.chabad.org/webservices/Zmanim/CandleLighting/Load_CandleLightingWeeks?locationid=837&locationtype=1&save=1&tdate=4-5-2026"},{"locationName":"chile - santiago","time":{"holiday: Nissan 20, 5786 - Tuesday, April 7, 2026":{"Candle Lighting":"6:12 PM"},"holiday: Nissan 21, 5786 - Wednesday, April 8, 2026":{"Candle Lighting after":"7:05 PM"},"holiday: Nissan 22, 5786 - Thursday, April 9, 2026":{"Holiday Ends":"7:04 PM"},"shabbat: Nissan 23, 5786 - Friday, April 10, 2026":{"Candle Lighting":"6:08 PM"},"shabbat: Nissan 24, 5786 - Saturday, April 11, 2026":{"Shabbat Ends":"7:02 PM"}},"url":"https://www.chabad.org/webservices/Zmanim/CandleLighting/Load_CandleLightingWeeks?locationid=482&locationtype=1&save=1&tdate=4-5-2026"},{"locationName":"colombia - bogota","time":{"holiday: Nissan 20, 5786 - Tuesday, April 7, 2026":{"Candle Lighting":"5:46 PM"},"holiday: Nissan 21, 5786 - Wednesday, April 8, 2026":{"Candle Lighting after":"6:35 PM"},"holiday: Nissan 22, 5786 - Thursday, April 9, 2026":{"Holiday Ends":"6:35 PM"},"shabbat: Nissan 23, 5786 - Friday, April 10, 2026":{"Candle Lighting":"5:46 PM"},"shabbat: Nissan 24, 5786 - Saturday, April 11, 2026":{"Shabbat Ends":"6:35 PM"}},"url":"https://www.chabad.org/webservices/Zmanim/CandleLighting/Load_CandleLightingWeeks?locationid=66&locationtype=1&save=1&tdate=4-5-2026"},{"locationName":"colombia - medellin","time":{"holiday: Nissan 20, 5786 - Tuesday, April 7, 2026":{"Candle Lighting":"5:53 PM"},"holiday: Nissan 21, 5786 - Wednesday, April 8, 2026":{"Candle Lighting after":"6:42 PM"},"holiday: Nissan 22, 5786 - Thursday, April 9, 2026":{"Holiday Ends":"6:42 PM"},"shabbat: Nissan 23, 5786 - Friday, April 10, 2026":{"Candle Lighting":"5:53 PM"},"shabbat: Nissan 24, 5786 - Saturday, April 11, 2026":{"Shabbat Ends":"6:42 PM"}},"url":"https://www.chabad.org/webservices/Zmanim/CandleLighting/Load_CandleLightingWeeks?locationid=326&locationtype=1&save=1&tdate=4-5-2026"},{"locationName":"costa rica - san jose","time":{"holiday: Nissan 20, 5786 - Tuesday, April 7, 2026":{"Candle Lighting":"5:29 PM"},"holiday: Nissan 21, 5786 - Wednesday, April 8, 2026":{"Candle Lighting after":"6:18 PM"},"holiday: Nissan 22, 5786 - Thursday, April 9, 2026":{"Holiday Ends":"6:18 PM"},"shabbat: Nissan 23, 5786 - Friday, April 10, 2026":{"Candle Lighting":"5:29 PM"},"shabbat: Nissan 24, 5786 - Saturday, April 11, 2026":{"Shabbat Ends":"6:18 PM"}},"url":"https://www.chabad.org/webservices/Zmanim/CandleLighting/Load_CandleLightingWeeks?locationid=621&locationtype=1&save=1&tdate=4-5-2026"},{"locationName":"españa - barcelona","time":{"holiday: Nissan 20, 5786 - Tuesday, April 7, 2026":{"Candle Lighting":"8:05 PM"},"holiday: Nissan 21, 5786 - Wednesday, April 8, 2026":{"Candle Lighting after":"9:06 PM"},"holiday: Nissan 22, 5786 - Thursday, April 9, 2026":{"Holiday Ends":"9:07 PM"},"shabbat: Nissan 23, 5786 - Friday, April 10, 2026":{"Candle Lighting":"8:08 PM"},"shabbat: Nissan 24, 5786 - Saturday, April 11, 2026":{"Shabbat Ends":"9:10 PM"}},"url":"https://www.chabad.org/webservices/Zmanim/CandleLighting/Load_CandleLightingWeeks?locationid=44&locationtype=1&save=1&tdate=4-5-2026"},{"locationName":"españa - madrid","time":{"holiday: Nissan 20, 5786 - Tuesday, April 7, 2026":{"Candle Lighting":"8:27 PM"},"holiday: Nissan 21, 5786 - Wednesday, April 8, 2026":{"Candle Lighting after":"9:28 PM"},"holiday: Nissan 22, 5786 - Thursday, April 9, 2026":{"Holiday Ends":"9:29 PM"},"shabbat: Nissan 23, 5786 - Friday, April 10, 2026":{"Candle Lighting":"8:30 PM"},"shabbat: Nissan 24, 5786 - Saturday, April 11, 2026":{"Shabbat Ends":"9:31 PM"}},"url":"https://www.chabad.org/webservices/Zmanim/CandleLighting/Load_CandleLightingWeeks?locationid=314&locationtype=1&save=1&tdate=4-5-2026"},{"locationName":"estados unidos - New York","time":{"holiday: Nissan 20, 5786 - Tuesday, April 7, 2026":{"Candle Lighting":"7:09 PM"},"holiday: Nissan 21, 5786 - Wednesday, April 8, 2026":{"Candle Lighting after":"8:10 PM"},"holiday: Nissan 22, 5786 - Thursday, April 9, 2026":{"Holiday Ends":"8:11 PM"},"shabbat: Nissan 23, 5786 - Friday, April 10, 2026":{"Candle Lighting":"7:12 PM"},"shabbat: Nissan 24, 5786 - Saturday, April 11, 2026":{"Shabbat Ends":"8:13 PM"}},"url":"https://www.chabad.org/webservices/Zmanim/CandleLighting/Load_CandleLightingWeeks?locationid=370&locationtype=1&save=1&tdate=4-5-2026"},{"locationName":"estados unidos - miami florida","time":{"holiday: Nissan 20, 5786 - Tuesday, April 7, 2026":{"Candle Lighting":"7:22 PM"},"holiday: Nissan 21, 5786 - Wednesday, April 8, 2026":{"Candle Lighting after":"8:15 PM"},"holiday: Nissan 22, 5786 - Thursday, April 9, 2026":{"Holiday Ends":"8:16 PM"},"shabbat: Nissan 23, 5786 - Friday, April 10, 2026":{"Candle Lighting":"7:24 PM"},"shabbat: Nissan 24, 5786 - Saturday, April 11, 2026":{"Shabbat Ends":"8:17 PM"}},"url":"https://www.chabad.org/webservices/Zmanim/CandleLighting/Load_CandleLightingWeeks?locationid=331&locationtype=1&save=1&tdate=4-5-2026"},{"locationName":"israel - raanana","time":{"holiday: Nissan 20, 5786 - Tuesday, April 7, 2026":{"Candle Lighting":"6:44 PM"},"holiday: Nissan 21, 5786 - Wednesday, April 8, 2026":{"Holiday Ends":"7:42 PM"},"shabbat: Nissan 23, 5786 - Friday, April 10, 2026":{"Candle Lighting":"6:46 PM"},"shabbat: Nissan 24, 5786 - Saturday, April 11, 2026":{"Shabbat Ends":"7:44 PM"}},"url":"https://www.chabad.org/webservices/Zmanim/CandleLighting/Load_CandleLightingWeeks?locationid=937&locationtype=1&save=1&tdate=4-5-2026"},{"locationName":"israel - ierushalaim","time":{"holiday: Nissan 20, 5786 - Tuesday, April 7, 2026":{"Candle Lighting":"6:23 PM"},"holiday: Nissan 21, 5786 - Wednesday, April 8, 2026":{"Holiday Ends":"7:40 PM"},"shabbat: Nissan 23, 5786 - Friday, April 10, 2026":{"Candle Lighting":"6:25 PM"},"shabbat: Nissan 24, 5786 - Saturday, April 11, 2026":{"Shabbat Ends":"7:42 PM"}},"url":"https://www.chabad.org/webservices/Zmanim/CandleLighting/Load_CandleLightingWeeks?locationid=247&locationtype=1&save=1&tdate=4-5-2026"},{"locationName":"israel - migdal haemek","time":{"holiday: Nissan 20, 5786 - Tuesday, April 7, 2026":{"Candle Lighting":"6:33 PM"},"holiday: Nissan 21, 5786 - Wednesday, April 8, 2026":{"Holiday Ends":"7:41 PM"},"shabbat: Nissan 23, 5786 - Friday, April 10, 2026":{"Candle Lighting":"6:35 PM"},"shabbat: Nissan 24, 5786 - Saturday, April 11, 2026":{"Shabbat Ends":"7:43 PM"}},"url":"https://www.chabad.org/webservices/Zmanim/CandleLighting/Load_CandleLightingWeeks?locationid=1470&locationtype=1&save=1&tdate=4-5-2026"},{"locationName":"mexico - mexico city","time":{"holiday: Nissan 20, 5786 - Tuesday, April 7, 2026":{"Candle Lighting":"6:34 PM"},"holiday: Nissan 21, 5786 - Wednesday, April 8, 2026":{"Candle Lighting after":"7:25 PM"},"holiday: Nissan 22, 5786 - Thursday, April 9, 2026":{"Holiday Ends":"7:26 PM"},"shabbat: Nissan 23, 5786 - Friday, April 10, 2026":{"Candle Lighting":"6:35 PM"},"shabbat: Nissan 24, 5786 - Saturday, April 11, 2026":{"Shabbat Ends":"7:26 PM"}},"url":"https://www.chabad.org/webservices/Zmanim/CandleLighting/Load_CandleLightingWeeks?locationid=330&locationtype=1&save=1&tdate=4-5-2026"},{"locationName":"panama - panama city","time":{"holiday: Nissan 20, 5786 - Tuesday, April 7, 2026":{"Candle Lighting":"6:10 PM"},"holiday: Nissan 21, 5786 - Wednesday, April 8, 2026":{"Candle Lighting after":"6:59 PM"},"holiday: Nissan 22, 5786 - Thursday, April 9, 2026":{"Holiday Ends":"6:59 PM"},"shabbat: Nissan 23, 5786 - Friday, April 10, 2026":{"Candle Lighting":"6:10 PM"},"shabbat: Nissan 24, 5786 - Saturday, April 11, 2026":{"Shabbat Ends":"6:59 PM"}},"url":"https://www.chabad.org/webservices/Zmanim/CandleLighting/Load_CandleLightingWeeks?locationid=392&locationtype=1&save=1&tdate=4-5-2026"},{"locationName":"peru - lima","time":{"holiday: Nissan 20, 5786 - Tuesday, April 7, 2026":{"Candle Lighting":"5:50 PM"},"holiday: Nissan 21, 5786 - Wednesday, April 8, 2026":{"Candle Lighting after":"6:38 PM"},"holiday: Nissan 22, 5786 - Thursday, April 9, 2026":{"Holiday Ends":"6:38 PM"},"shabbat: Nissan 23, 5786 - Friday, April 10, 2026":{"Candle Lighting":"5:48 PM"},"shabbat: Nissan 24, 5786 - Saturday, April 11, 2026":{"Shabbat Ends":"6:37 PM"}},"url":"https://www.chabad.org/webservices/Zmanim/CandleLighting/Load_CandleLightingWeeks?locationid=295&locationtype=1&save=1&tdate=4-5-2026"},{"locationName":"uruguay - montevideo","time":{"holiday: Nissan 20, 5786 - Tuesday, April 7, 2026":{"Candle Lighting":"6:13 PM"},"holiday: Nissan 21, 5786 - Wednesday, April 8, 2026":{"Candle Lighting after":"7:07 PM"},"holiday: Nissan 22, 5786 - Thursday, April 9, 2026":{"Holiday Ends":"7:06 PM"},"shabbat: Nissan 23, 5786 - Friday, April 10, 2026":{"Candle Lighting":"6:09 PM"},"shabbat: Nissan 24, 5786 - Saturday, April 11, 2026":{"Shabbat Ends":"7:03 PM"}},"url":"https://www.chabad.org/webservices/Zmanim/CandleLighting/Load_CandleLightingWeeks?locationid=342&locationtype=1&save=1&tdate=4-5-2026"},{"locationName":"venezuela - caracas","time":{"holiday: Nissan 20, 5786 - Tuesday, April 7, 2026":{"Candle Lighting":"6:20 PM"},"holiday: Nissan 21, 5786 - Wednesday, April 8, 2026":{"Candle Lighting after":"7:10 PM"},"holiday: Nissan 22, 5786 - Thursday, April 9, 2026":{"Holiday Ends":"7:10 PM"},"shabbat: Nissan 23, 5786 - Friday, April 10, 2026":{"Candle Lighting":"6:20 PM"},"shabbat: Nissan 24, 5786 - Saturday, April 11, 2026":{"Shabbat Ends":"7:10 PM"}},"url":"https://www.chabad.org/webservices/Zmanim/CandleLighting/Load_CandleLightingWeeks?locationid=105&locationtype=1&save=1&tdate=4-5-2026"}]}