{"parasha":"Bamidbar","study":[{"day":0,"data":{"3 Chapters:":"Ma'achalot Assurot - Chapter 8, Ma'achalot Assurot - Chapter 9, Ma'achalot Assurot - Chapter 10","1 Chapter:":"Berachot - Chapter Seven","Daily Mitzvah:":"Day 97: Negative Commandment 179, 180, 188","date":"Sunday, 23 Iyar 5786 / May 10, 2026","jumashPortion":"Parshat Bamidbar, 1st Portion (Bamidbar (Numbers) 1:1-1:19)","tehilimPortion":"Chapters 108-112","taniaPortion":"Likutei Amarim, beginning of Chapter 51"}},{"day":1,"data":{"3 Chapters:":"Ma'achalot Assurot - Chapter 11, Ma'achalot Assurot - Chapter 12, Ma'achalot Assurot - Chapter 13","1 Chapter:":"Berachot - Chapter Eight","Daily Mitzvah:":"Day 98: Negative Commandment 181, 182, 184, 185, 183","date":"Monday, 24 Iyar 5786 / May 11, 2026","jumashPortion":"Parshat Bamidbar, 2nd Portion (Bamidbar (Numbers) 1:20-1:54)","tehilimPortion":"Chapters 113-118","taniaPortion":"Likutei Amarim, middle of Chapter 51"}},{"day":2,"data":{"3 Chapters:":"Ma'achalot Assurot - Chapter 14, Ma'achalot Assurot - Chapter 15, Ma'achalot Assurot - Chapter 16","1 Chapter:":"Berachot - Chapter Nine","Daily Mitzvah:":"Day 99: Negative Commandment 187, 186, 189, 190, 191, 192","date":"Tuesday, 25 Iyar 5786 / May 12, 2026","jumashPortion":"Parshat Bamidbar, 3rd Portion (Bamidbar (Numbers) 2:1-2:34)","tehilimPortion":"Tehillim - Psalms","taniaPortion":"Likutei Amarim, end of Chapter 51"}},{"day":3,"data":{"3 Chapters:":"Ma'achalot Assurot - Chapter 17, Shechitah - Chapter 1, Shechitah - Chapter 2","1 Chapter:":"Berachot - Chapter Ten","Daily Mitzvah:":"Day 100: Negative Commandment 193, 153, 194; Positive Commandment 146","date":"Wednesday, 26 Iyar 5786 / May 13, 2026","jumashPortion":"Parshat Bamidbar, 4th Portion (Bamidbar (Numbers) 3:1-3:13)","tehilimPortion":"Tehillim - Psalms","taniaPortion":"Likutei Amarim, beginning of Chapter 52"}},{"day":4,"data":{"3 Chapters:":"Shechitah - Chapter 3, Shechitah - Chapter 4, Shechitah - Chapter 5","1 Chapter:":"Berachot - Chapter Eleven","Daily Mitzvah:":"Day 101: Negative Commandment 101","date":"Thursday, 27 Iyar 5786 / May 14, 2026","jumashPortion":"Parshat Bamidbar, 5th Portion (Bamidbar (Numbers) 3:14-3:39)","tehilimPortion":"Chapters 120-134","taniaPortion":"Likutei Amarim, middle of Chapter 52"}},{"day":5,"data":{"3 Chapters:":"Shechitah - Chapter 6, Shechitah - Chapter 7, Shechitah - Chapter 8","1 Chapter:":"Milah - Chapter One","Daily Mitzvah:":"Day 102: Positive Commandment 147","date":"Friday, 28 Iyar 5786 / May 15, 2026","jumashPortion":"Parshat Bamidbar, 6th Portion (Bamidbar (Numbers) 3:40-3:51)","tehilimPortion":"Chapters 135-139","taniaPortion":"Likutei Amarim, middle of Chapter 52"}},{"day":6,"data":{"3 Chapters:":"Shechitah - Chapter 9, Shechitah - Chapter 10, Shechitah - Chapter 11","1 Chapter:":"Milah - Chapter Two","Daily Mitzvah:":"Day 103: Negative Commandment 306","date":"Shabbat, 29 Iyar 5786 / May 16, 2026","jumashPortion":"Parshat Bamidbar, 7th Portion (Bamidbar (Numbers) 4:1-4:20)","tehilimPortion":"Chapters 140-150","taniaPortion":"Likutei Amarim, end of Chapter 52"}}],"velas":[{"locationName":"argentina - buenos aires","time":{"shabbat: Iyar 28, 5786 - Friday, May 15, 2026":{"Candle Lighting":"5:42 PM"},"shabbat: Iyar 29, 5786 - Saturday, May 16, 2026":{"Shabbat Ends":"6:39 PM"},"holiday: Sivan 5, 5786 - Thursday, May 21, 2026":{"Candle Lighting":"5:38 PM"},"holiday: Sivan 6, 5786 - Friday, May 22, 2026":{"Candle Lighting":"5:37 PM"},"holiday: Sivan 7, 5786 - Saturday, May 23, 2026":{"Shabbat/Holiday Ends":"6:35 PM"}},"url":"https://www.chabad.org/webservices/Zmanim/CandleLighting/Load_CandleLightingWeeks?locationid=90&locationtype=1&save=1&tdate=5-10-2026"},{"locationName":"argentina - cordoba","time":{"shabbat: Iyar 28, 5786 - Friday, May 15, 2026":{"Candle Lighting":"6:11 PM"},"shabbat: Iyar 29, 5786 - Saturday, May 16, 2026":{"Shabbat Ends":"7:06 PM"},"holiday: Sivan 5, 5786 - Thursday, May 21, 2026":{"Candle Lighting":"6:07 PM"},"holiday: Sivan 6, 5786 - Friday, May 22, 2026":{"Candle Lighting":"6:07 PM"},"holiday: Sivan 7, 5786 - Saturday, May 23, 2026":{"Shabbat/Holiday Ends":"7:03 PM"}},"url":"https://www.chabad.org/webservices/Zmanim/CandleLighting/Load_CandleLightingWeeks?locationid=135&locationtype=1&save=1&tdate=5-10-2026"},{"locationName":"argentina - rosario","time":{"shabbat: Iyar 28, 5786 - Friday, May 15, 2026":{"Candle Lighting":"5:54 PM"},"shabbat: Iyar 29, 5786 - Saturday, May 16, 2026":{"Shabbat Ends":"6:50 PM"},"holiday: Sivan 5, 5786 - Thursday, May 21, 2026":{"Candle Lighting":"5:50 PM"},"holiday: Sivan 6, 5786 - Friday, May 22, 2026":{"Candle Lighting":"5:49 PM"},"holiday: Sivan 7, 5786 - Saturday, May 23, 2026":{"Shabbat/Holiday Ends":"6:46 PM"}},"url":"https://www.chabad.org/webservices/Zmanim/CandleLighting/Load_CandleLightingWeeks?locationid=746&locationtype=1&save=1&tdate=5-10-2026"},{"locationName":"argentina - tucuman","time":{"shabbat: Iyar 28, 5786 - Friday, May 15, 2026":{"Candle Lighting":"6:23 PM"},"shabbat: Iyar 29, 5786 - Saturday, May 16, 2026":{"Shabbat Ends":"7:17 PM"},"holiday: Sivan 5, 5786 - Thursday, May 21, 2026":{"Candle Lighting":"6:20 PM"},"holiday: Sivan 6, 5786 - Friday, May 22, 2026":{"Candle Lighting":"6:20 PM"},"holiday: Sivan 7, 5786 - Saturday, May 23, 2026":{"Shabbat/Holiday Ends":"7:14 PM"}},"url":"https://www.chabad.org/webservices/Zmanim/CandleLighting/Load_CandleLightingWeeks?locationid=837&locationtype=1&save=1&tdate=5-10-2026"},{"locationName":"chile - santiago","time":{"shabbat: Iyar 28, 5786 - Friday, May 15, 2026":{"Candle Lighting":"5:33 PM"},"shabbat: Iyar 29, 5786 - Saturday, May 16, 2026":{"Shabbat Ends":"6:29 PM"},"holiday: Sivan 5, 5786 - Thursday, May 21, 2026":{"Candle Lighting":"5:29 PM"},"holiday: Sivan 6, 5786 - Friday, May 22, 2026":{"Candle Lighting":"5:29 PM"},"holiday: Sivan 7, 5786 - Saturday, May 23, 2026":{"Shabbat/Holiday Ends":"6:26 PM"}},"url":"https://www.chabad.org/webservices/Zmanim/CandleLighting/Load_CandleLightingWeeks?locationid=482&locationtype=1&save=1&tdate=5-10-2026"},{"locationName":"colombia - bogota","time":{"shabbat: Iyar 28, 5786 - Friday, May 15, 2026":{"Candle Lighting":"5:45 PM"},"shabbat: Iyar 29, 5786 - Saturday, May 16, 2026":{"Shabbat Ends":"6:36 PM"},"holiday: Sivan 5, 5786 - Thursday, May 21, 2026":{"Candle Lighting":"5:45 PM"},"holiday: Sivan 6, 5786 - Friday, May 22, 2026":{"Candle Lighting":"5:46 PM"},"holiday: Sivan 7, 5786 - Saturday, May 23, 2026":{"Shabbat/Holiday Ends":"6:37 PM"}},"url":"https://www.chabad.org/webservices/Zmanim/CandleLighting/Load_CandleLightingWeeks?locationid=66&locationtype=1&save=1&tdate=5-10-2026"},{"locationName":"colombia - medellin","time":{"shabbat: Iyar 28, 5786 - Friday, May 15, 2026":{"Candle Lighting":"5:53 PM"},"shabbat: Iyar 29, 5786 - Saturday, May 16, 2026":{"Shabbat Ends":"6:44 PM"},"holiday: Sivan 5, 5786 - Thursday, May 21, 2026":{"Candle Lighting":"5:54 PM"},"holiday: Sivan 6, 5786 - Friday, May 22, 2026":{"Candle Lighting":"5:54 PM"},"holiday: Sivan 7, 5786 - Saturday, May 23, 2026":{"Shabbat/Holiday Ends":"6:45 PM"}},"url":"https://www.chabad.org/webservices/Zmanim/CandleLighting/Load_CandleLightingWeeks?locationid=326&locationtype=1&save=1&tdate=5-10-2026"},{"locationName":"costa rica - san jose","time":{"shabbat: Iyar 28, 5786 - Friday, May 15, 2026":{"Candle Lighting":"5:32 PM"},"shabbat: Iyar 29, 5786 - Saturday, May 16, 2026":{"Shabbat Ends":"6:24 PM"},"holiday: Sivan 5, 5786 - Thursday, May 21, 2026":{"Candle Lighting":"5:34 PM"},"holiday: Sivan 6, 5786 - Friday, May 22, 2026":{"Candle Lighting":"5:34 PM"},"holiday: Sivan 7, 5786 - Saturday, May 23, 2026":{"Shabbat/Holiday Ends":"6:26 PM"}},"url":"https://www.chabad.org/webservices/Zmanim/CandleLighting/Load_CandleLightingWeeks?locationid=621&locationtype=1&save=1&tdate=5-10-2026"},{"locationName":"españa - barcelona","time":{"shabbat: Iyar 28, 5786 - Friday, May 15, 2026":{"Candle Lighting":"8:45 PM"},"shabbat: Iyar 29, 5786 - Saturday, May 16, 2026":{"Shabbat Ends":"9:52 PM"},"holiday: Sivan 5, 5786 - Thursday, May 21, 2026":{"Candle Lighting":"8:51 PM"},"holiday: Sivan 6, 5786 - Friday, May 22, 2026":{"Candle Lighting":"8:52 PM"},"holiday: Sivan 7, 5786 - Saturday, May 23, 2026":{"Shabbat/Holiday Ends":"10:00 PM"}},"url":"https://www.chabad.org/webservices/Zmanim/CandleLighting/Load_CandleLightingWeeks?locationid=44&locationtype=1&save=1&tdate=5-10-2026"},{"locationName":"españa - madrid","time":{"shabbat: Iyar 28, 5786 - Friday, May 15, 2026":{"Candle Lighting":"9:06 PM"},"shabbat: Iyar 29, 5786 - Saturday, May 16, 2026":{"Shabbat Ends":"10:12 PM"},"holiday: Sivan 5, 5786 - Thursday, May 21, 2026":{"Candle Lighting":"9:12 PM"},"holiday: Sivan 6, 5786 - Friday, May 22, 2026":{"Candle Lighting":"9:13 PM"},"holiday: Sivan 7, 5786 - Saturday, May 23, 2026":{"Shabbat/Holiday Ends":"10:19 PM"}},"url":"https://www.chabad.org/webservices/Zmanim/CandleLighting/Load_CandleLightingWeeks?locationid=314&locationtype=1&save=1&tdate=5-10-2026"},{"locationName":"estados unidos - New York","time":{"shabbat: Iyar 28, 5786 - Friday, May 15, 2026":{"Candle Lighting":"7:48 PM"},"shabbat: Iyar 29, 5786 - Saturday, May 16, 2026":{"Shabbat Ends":"8:54 PM"},"holiday: Sivan 5, 5786 - Thursday, May 21, 2026":{"Candle Lighting":"7:54 PM"},"holiday: Sivan 6, 5786 - Friday, May 22, 2026":{"Candle Lighting":"7:55 PM"},"holiday: Sivan 7, 5786 - Saturday, May 23, 2026":{"Shabbat/Holiday Ends":"9:02 PM"}},"url":"https://www.chabad.org/webservices/Zmanim/CandleLighting/Load_CandleLightingWeeks?locationid=370&locationtype=1&save=1&tdate=5-10-2026"},{"locationName":"estados unidos - miami florida","time":{"shabbat: Iyar 28, 5786 - Friday, May 15, 2026":{"Candle Lighting":"7:42 PM"},"shabbat: Iyar 29, 5786 - Saturday, May 16, 2026":{"Shabbat Ends":"8:37 PM"},"holiday: Sivan 5, 5786 - Thursday, May 21, 2026":{"Candle Lighting":"7:45 PM"},"holiday: Sivan 6, 5786 - Friday, May 22, 2026":{"Candle Lighting":"7:45 PM"},"holiday: Sivan 7, 5786 - Saturday, May 23, 2026":{"Shabbat/Holiday Ends":"8:42 PM"}},"url":"https://www.chabad.org/webservices/Zmanim/CandleLighting/Load_CandleLightingWeeks?locationid=331&locationtype=1&save=1&tdate=5-10-2026"},{"locationName":"israel - raanana","time":{"shabbat: Iyar 28, 5786 - Friday, May 15, 2026":{"Candle Lighting":"7:11 PM"},"shabbat: Iyar 29, 5786 - Saturday, May 16, 2026":{"Shabbat Ends":"8:12 PM"},"holiday: Sivan 5, 5786 - Thursday, May 21, 2026":{"Candle Lighting":"7:15 PM"}},"url":"https://www.chabad.org/webservices/Zmanim/CandleLighting/Load_CandleLightingWeeks?locationid=937&locationtype=1&save=1&tdate=5-10-2026"},{"locationName":"israel - ierushalaim","time":{"shabbat: Iyar 28, 5786 - Friday, May 15, 2026":{"Candle Lighting":"6:49 PM"},"shabbat: Iyar 29, 5786 - Saturday, May 16, 2026":{"Shabbat Ends":"8:10 PM"},"holiday: Sivan 5, 5786 - Thursday, May 21, 2026":{"Candle Lighting":"6:53 PM"}},"url":"https://www.chabad.org/webservices/Zmanim/CandleLighting/Load_CandleLightingWeeks?locationid=247&locationtype=1&save=1&tdate=5-10-2026"},{"locationName":"israel - migdal haemek","time":{"shabbat: Iyar 28, 5786 - Friday, May 15, 2026":{"Candle Lighting":"7:01 PM"},"shabbat: Iyar 29, 5786 - Saturday, May 16, 2026":{"Shabbat Ends":"8:12 PM"},"holiday: Sivan 5, 5786 - Thursday, May 21, 2026":{"Candle Lighting":"7:05 PM"}},"url":"https://www.chabad.org/webservices/Zmanim/CandleLighting/Load_CandleLightingWeeks?locationid=1470&locationtype=1&save=1&tdate=5-10-2026"},{"locationName":"mexico - mexico city","time":{"shabbat: Iyar 28, 5786 - Friday, May 15, 2026":{"Candle Lighting":"6:47 PM"},"shabbat: Iyar 29, 5786 - Saturday, May 16, 2026":{"Shabbat Ends":"7:40 PM"},"holiday: Sivan 5, 5786 - Thursday, May 21, 2026":{"Candle Lighting":"6:49 PM"},"holiday: Sivan 6, 5786 - Friday, May 22, 2026":{"Candle Lighting":"6:49 PM"},"holiday: Sivan 7, 5786 - Saturday, May 23, 2026":{"Shabbat/Holiday Ends":"7:43 PM"}},"url":"https://www.chabad.org/webservices/Zmanim/CandleLighting/Load_CandleLightingWeeks?locationid=330&locationtype=1&save=1&tdate=5-10-2026"},{"locationName":"panama - panama city","time":{"shabbat: Iyar 28, 5786 - Friday, May 15, 2026":{"Candle Lighting":"6:13 PM"},"shabbat: Iyar 29, 5786 - Saturday, May 16, 2026":{"Shabbat Ends":"7:04 PM"},"holiday: Sivan 5, 5786 - Thursday, May 21, 2026":{"Candle Lighting":"6:14 PM"},"holiday: Sivan 6, 5786 - Friday, May 22, 2026":{"Candle Lighting":"6:14 PM"},"holiday: Sivan 7, 5786 - Saturday, May 23, 2026":{"Shabbat/Holiday Ends":"7:06 PM"}},"url":"https://www.chabad.org/webservices/Zmanim/CandleLighting/Load_CandleLightingWeeks?locationid=392&locationtype=1&save=1&tdate=5-10-2026"},{"locationName":"peru - lima","time":{"shabbat: Iyar 28, 5786 - Friday, May 15, 2026":{"Candle Lighting":"5:33 PM"},"shabbat: Iyar 29, 5786 - Saturday, May 16, 2026":{"Shabbat Ends":"6:24 PM"},"holiday: Sivan 5, 5786 - Thursday, May 21, 2026":{"Candle Lighting":"5:32 PM"},"holiday: Sivan 6, 5786 - Friday, May 22, 2026":{"Candle Lighting":"5:32 PM"},"holiday: Sivan 7, 5786 - Saturday, May 23, 2026":{"Shabbat/Holiday Ends":"6:24 PM"}},"url":"https://www.chabad.org/webservices/Zmanim/CandleLighting/Load_CandleLightingWeeks?locationid=295&locationtype=1&save=1&tdate=5-10-2026"},{"locationName":"uruguay - montevideo","time":{"shabbat: Iyar 28, 5786 - Friday, May 15, 2026":{"Candle Lighting":"5:32 PM"},"shabbat: Iyar 29, 5786 - Saturday, May 16, 2026":{"Shabbat Ends":"6:29 PM"},"holiday: Sivan 5, 5786 - Thursday, May 21, 2026":{"Candle Lighting":"5:28 PM"},"holiday: Sivan 6, 5786 - Friday, May 22, 2026":{"Candle Lighting":"5:27 PM"},"holiday: Sivan 7, 5786 - Saturday, May 23, 2026":{"Shabbat/Holiday Ends":"6:25 PM"}},"url":"https://www.chabad.org/webservices/Zmanim/CandleLighting/Load_CandleLightingWeeks?locationid=342&locationtype=1&save=1&tdate=5-10-2026"},{"locationName":"venezuela - caracas","time":{"shabbat: Iyar 28, 5786 - Friday, May 15, 2026":{"Candle Lighting":"6:24 PM"},"shabbat: Iyar 29, 5786 - Saturday, May 16, 2026":{"Shabbat Ends":"7:16 PM"},"holiday: Sivan 5, 5786 - Thursday, May 21, 2026":{"Candle Lighting":"6:26 PM"},"holiday: Sivan 6, 5786 - Friday, May 22, 2026":{"Candle Lighting":"6:26 PM"},"holiday: Sivan 7, 5786 - Saturday, May 23, 2026":{"Shabbat/Holiday Ends":"7:18 PM"}},"url":"https://www.chabad.org/webservices/Zmanim/CandleLighting/Load_CandleLightingWeeks?locationid=105&locationtype=1&save=1&tdate=5-10-2026"}]}