{"parasha":"Shavuot - Naso","study":[{"day":0,"data":{"3 Chapters:":"Shechitah - Chapter 12, Shechitah - Chapter 13, Shechitah - Chapter 14","1 Chapter:":"Milah - Chapter Three","Daily Mitzvah:":"Day 104: Positive Commandment 148","date":"Sunday, 1 Sivan 5786 / May 17, 2026","jumashPortion":"Parshat Naso, 1st Portion (Bamidbar (Numbers) 4:21-4:28)","tehilimPortion":"Chapters 1-9","taniaPortion":"Likutei Amarim, beginning of Chapter 53"}},{"day":1,"data":{"3 Chapters:":"Shvuot - Chapter 1, Shvuot - Chapter 2, Shvuot - Chapter 3","1 Chapter:":"Order of Prayers - The Order of Prayer for the Entire Year","Daily Mitzvah:":"Day 105: Negative Commandment 61","date":"Monday, 2 Sivan 5786 / May 18, 2026","jumashPortion":"Parshat Naso, 2nd Portion (Bamidbar (Numbers) 4:29-4:49)","tehilimPortion":"Chapters 10-17","taniaPortion":"Likutei Amarim, middle of Chapter 53"}},{"day":2,"data":{"3 Chapters:":"Shvuot - Chapter 4, Shvuot - Chapter 5, Shvuot - Chapter 6","1 Chapter:":"Order of Prayers - The Text of the Blessings of Shemoneh Esreh and Their Order","Daily Mitzvah:":"Day 106: Negative Commandment 62","date":"Tuesday, 3 Sivan 5786 / May 19, 2026","jumashPortion":"Parshat Naso, 3rd Portion (Bamidbar (Numbers) 5:1-5:10)","tehilimPortion":"Chapters 18-22","taniaPortion":"Likutei Amarim, end of Chapter 53"}},{"day":3,"data":{"3 Chapters:":"Shvuot - Chapter 7, Shvuot - Chapter 8, Shvuot - Chapter 9","1 Chapter:":"Order of Prayers - The Text of All the Intermediate Blessings","Daily Mitzvah:":"Day 107: Negative Commandment 248, 249","date":"Wednesday, 4 Sivan 5786 / May 20, 2026","jumashPortion":"Parshat Naso, 4th Portion (Bamidbar (Numbers) 5:11-6:27)","tehilimPortion":"Chapters 23-28","taniaPortion":"Tanya"}},{"day":4,"data":{"3 Chapters:":"Shvuot - Chapter 10, Shvuot - Chapter 11, Shvuot - Chapter 12","1 Chapter:":"Order of Prayers - The Text of the Confession, Order of Prayers - The Text of the Grace After Meals","Daily Mitzvah:":"Day 108: Positive Commandment 7","date":"Thursday, 5 Sivan 5786 / May 21, 2026","jumashPortion":"Parshat Naso, 5th Portion (Bamidbar (Numbers) 7:1-7:41)","tehilimPortion":"Chapters 29-34","taniaPortion":"Tanya"}},{"day":5,"data":{"3 Chapters:":"Nedarim - Chapter 1, Nedarim - Chapter 2, Nedarim - Chapter 3","1 Chapter:":"Shabbat - Chapter One","Daily Mitzvah:":"Day 109: Positive Commandment 94","date":"Friday, 6 Sivan 5786 / May 22, 2026","jumashPortion":"Parshat Naso, 6th Portion (Bamidbar (Numbers) 7:42-7:83)","tehilimPortion":"Chapters 35-38","taniaPortion":"Tanya"}},{"day":6,"data":{"3 Chapters:":"Nedarim - Chapter 4, Nedarim - Chapter 5, Nedarim - Chapter 6","1 Chapter:":"Shabbat - Chapter Two","Daily Mitzvah:":"Day 110: Positive Commandment 94","date":"Shabbat, 7 Sivan 5786 / May 23, 2026","jumashPortion":"Parshat Naso, 7th Portion (Bamidbar (Numbers) 7:84-7:89)","tehilimPortion":"Chapters 39-43","taniaPortion":"Shaar Hayichud Vehaemunah, beginning of Chapter 1"}}],"velas":[{"locationName":"argentina - buenos aires","time":{"holiday: Sivan 5, 5786 - Thursday, May 21, 2026":{"Candle Lighting":"5:38 PM"},"holiday: Sivan 6, 5786 - Friday, May 22, 2026":{"Candle Lighting":"5:37 PM"},"holiday: Sivan 7, 5786 - Saturday, May 23, 2026":{"Shabbat/Holiday Ends":"6:35 PM"}},"url":"https://www.chabad.org/webservices/Zmanim/CandleLighting/Load_CandleLightingWeeks?locationid=90&locationtype=1&save=1&tdate=5-17-2026"},{"locationName":"argentina - cordoba","time":{"holiday: Sivan 5, 5786 - Thursday, May 21, 2026":{"Candle Lighting":"6:07 PM"},"holiday: Sivan 6, 5786 - Friday, May 22, 2026":{"Candle Lighting":"6:07 PM"},"holiday: Sivan 7, 5786 - Saturday, May 23, 2026":{"Shabbat/Holiday Ends":"7:03 PM"}},"url":"https://www.chabad.org/webservices/Zmanim/CandleLighting/Load_CandleLightingWeeks?locationid=135&locationtype=1&save=1&tdate=5-17-2026"},{"locationName":"argentina - rosario","time":{"holiday: Sivan 5, 5786 - Thursday, May 21, 2026":{"Candle Lighting":"5:50 PM"},"holiday: Sivan 6, 5786 - Friday, May 22, 2026":{"Candle Lighting":"5:49 PM"},"holiday: Sivan 7, 5786 - Saturday, May 23, 2026":{"Shabbat/Holiday Ends":"6:46 PM"}},"url":"https://www.chabad.org/webservices/Zmanim/CandleLighting/Load_CandleLightingWeeks?locationid=746&locationtype=1&save=1&tdate=5-17-2026"},{"locationName":"argentina - tucuman","time":{"holiday: Sivan 5, 5786 - Thursday, May 21, 2026":{"Candle Lighting":"6:20 PM"},"holiday: Sivan 6, 5786 - Friday, May 22, 2026":{"Candle Lighting":"6:20 PM"},"holiday: Sivan 7, 5786 - Saturday, May 23, 2026":{"Shabbat/Holiday Ends":"7:14 PM"}},"url":"https://www.chabad.org/webservices/Zmanim/CandleLighting/Load_CandleLightingWeeks?locationid=837&locationtype=1&save=1&tdate=5-17-2026"},{"locationName":"chile - santiago","time":{"holiday: Sivan 5, 5786 - Thursday, May 21, 2026":{"Candle Lighting":"5:29 PM"},"holiday: Sivan 6, 5786 - Friday, May 22, 2026":{"Candle Lighting":"5:29 PM"},"holiday: Sivan 7, 5786 - Saturday, May 23, 2026":{"Shabbat/Holiday Ends":"6:26 PM"}},"url":"https://www.chabad.org/webservices/Zmanim/CandleLighting/Load_CandleLightingWeeks?locationid=482&locationtype=1&save=1&tdate=5-17-2026"},{"locationName":"colombia - bogota","time":{"holiday: Sivan 5, 5786 - Thursday, May 21, 2026":{"Candle Lighting":"5:45 PM"},"holiday: Sivan 6, 5786 - Friday, May 22, 2026":{"Candle Lighting":"5:46 PM"},"holiday: Sivan 7, 5786 - Saturday, May 23, 2026":{"Shabbat/Holiday Ends":"6:37 PM"}},"url":"https://www.chabad.org/webservices/Zmanim/CandleLighting/Load_CandleLightingWeeks?locationid=66&locationtype=1&save=1&tdate=5-17-2026"},{"locationName":"colombia - medellin","time":{"holiday: Sivan 5, 5786 - Thursday, May 21, 2026":{"Candle Lighting":"5:54 PM"},"holiday: Sivan 6, 5786 - Friday, May 22, 2026":{"Candle Lighting":"5:54 PM"},"holiday: Sivan 7, 5786 - Saturday, May 23, 2026":{"Shabbat/Holiday Ends":"6:45 PM"}},"url":"https://www.chabad.org/webservices/Zmanim/CandleLighting/Load_CandleLightingWeeks?locationid=326&locationtype=1&save=1&tdate=5-17-2026"},{"locationName":"costa rica - san jose","time":{"holiday: Sivan 5, 5786 - Thursday, May 21, 2026":{"Candle Lighting":"5:34 PM"},"holiday: Sivan 6, 5786 - Friday, May 22, 2026":{"Candle Lighting":"5:34 PM"},"holiday: Sivan 7, 5786 - Saturday, May 23, 2026":{"Shabbat/Holiday Ends":"6:26 PM"}},"url":"https://www.chabad.org/webservices/Zmanim/CandleLighting/Load_CandleLightingWeeks?locationid=621&locationtype=1&save=1&tdate=5-17-2026"},{"locationName":"españa - barcelona","time":{"holiday: Sivan 5, 5786 - Thursday, May 21, 2026":{"Candle Lighting":"8:51 PM"},"holiday: Sivan 6, 5786 - Friday, May 22, 2026":{"Candle Lighting":"8:52 PM"},"holiday: Sivan 7, 5786 - Saturday, May 23, 2026":{"Shabbat/Holiday Ends":"10:00 PM"}},"url":"https://www.chabad.org/webservices/Zmanim/CandleLighting/Load_CandleLightingWeeks?locationid=44&locationtype=1&save=1&tdate=5-17-2026"},{"locationName":"españa - madrid","time":{"holiday: Sivan 5, 5786 - Thursday, May 21, 2026":{"Candle Lighting":"9:12 PM"},"holiday: Sivan 6, 5786 - Friday, May 22, 2026":{"Candle Lighting":"9:13 PM"},"holiday: Sivan 7, 5786 - Saturday, May 23, 2026":{"Shabbat/Holiday Ends":"10:19 PM"}},"url":"https://www.chabad.org/webservices/Zmanim/CandleLighting/Load_CandleLightingWeeks?locationid=314&locationtype=1&save=1&tdate=5-17-2026"},{"locationName":"estados unidos - New York","time":{"holiday: Sivan 5, 5786 - Thursday, May 21, 2026":{"Candle Lighting":"7:54 PM"},"holiday: Sivan 6, 5786 - Friday, May 22, 2026":{"Candle Lighting":"7:55 PM"},"holiday: Sivan 7, 5786 - Saturday, May 23, 2026":{"Shabbat/Holiday Ends":"9:02 PM"}},"url":"https://www.chabad.org/webservices/Zmanim/CandleLighting/Load_CandleLightingWeeks?locationid=370&locationtype=1&save=1&tdate=5-17-2026"},{"locationName":"estados unidos - miami florida","time":{"holiday: Sivan 5, 5786 - Thursday, May 21, 2026":{"Candle Lighting":"7:45 PM"},"holiday: Sivan 6, 5786 - Friday, May 22, 2026":{"Candle Lighting":"7:45 PM"},"holiday: Sivan 7, 5786 - Saturday, May 23, 2026":{"Shabbat/Holiday Ends":"8:42 PM"}},"url":"https://www.chabad.org/webservices/Zmanim/CandleLighting/Load_CandleLightingWeeks?locationid=331&locationtype=1&save=1&tdate=5-17-2026"},{"locationName":"israel - raanana","time":{"holiday: Sivan 5, 5786 - Thursday, May 21, 2026":{"Candle Lighting":"7:15 PM"},"shabbat: Sivan 6, 5786 - Friday, May 22, 2026":{"Candle Lighting":"7:16 PM"},"shabbat: Sivan 7, 5786 - Saturday, May 23, 2026":{"Shabbat Ends":"8:18 PM"}},"url":"https://www.chabad.org/webservices/Zmanim/CandleLighting/Load_CandleLightingWeeks?locationid=937&locationtype=1&save=1&tdate=5-17-2026"},{"locationName":"israel - ierushalaim","time":{"holiday: Sivan 5, 5786 - Thursday, May 21, 2026":{"Candle Lighting":"6:53 PM"},"shabbat: Sivan 6, 5786 - Friday, May 22, 2026":{"Candle Lighting":"6:54 PM"},"shabbat: Sivan 7, 5786 - Saturday, May 23, 2026":{"Shabbat Ends":"8:15 PM"}},"url":"https://www.chabad.org/webservices/Zmanim/CandleLighting/Load_CandleLightingWeeks?locationid=247&locationtype=1&save=1&tdate=5-17-2026"},{"locationName":"israel - migdal haemek","time":{"holiday: Sivan 5, 5786 - Thursday, May 21, 2026":{"Candle Lighting":"7:05 PM"},"shabbat: Sivan 6, 5786 - Friday, May 22, 2026":{"Candle Lighting":"7:06 PM"},"shabbat: Sivan 7, 5786 - Saturday, May 23, 2026":{"Shabbat Ends":"8:18 PM"}},"url":"https://www.chabad.org/webservices/Zmanim/CandleLighting/Load_CandleLightingWeeks?locationid=1470&locationtype=1&save=1&tdate=5-17-2026"},{"locationName":"mexico - mexico city","time":{"holiday: Sivan 5, 5786 - Thursday, May 21, 2026":{"Candle Lighting":"6:49 PM"},"holiday: Sivan 6, 5786 - Friday, May 22, 2026":{"Candle Lighting":"6:49 PM"},"holiday: Sivan 7, 5786 - Saturday, May 23, 2026":{"Shabbat/Holiday Ends":"7:43 PM"}},"url":"https://www.chabad.org/webservices/Zmanim/CandleLighting/Load_CandleLightingWeeks?locationid=330&locationtype=1&save=1&tdate=5-17-2026"},{"locationName":"panama - panama city","time":{"holiday: Sivan 5, 5786 - Thursday, May 21, 2026":{"Candle Lighting":"6:14 PM"},"holiday: Sivan 6, 5786 - Friday, May 22, 2026":{"Candle Lighting":"6:14 PM"},"holiday: Sivan 7, 5786 - Saturday, May 23, 2026":{"Shabbat/Holiday Ends":"7:06 PM"}},"url":"https://www.chabad.org/webservices/Zmanim/CandleLighting/Load_CandleLightingWeeks?locationid=392&locationtype=1&save=1&tdate=5-17-2026"},{"locationName":"peru - lima","time":{"holiday: Sivan 5, 5786 - Thursday, May 21, 2026":{"Candle Lighting":"5:32 PM"},"holiday: Sivan 6, 5786 - Friday, May 22, 2026":{"Candle Lighting":"5:32 PM"},"holiday: Sivan 7, 5786 - Saturday, May 23, 2026":{"Shabbat/Holiday Ends":"6:24 PM"}},"url":"https://www.chabad.org/webservices/Zmanim/CandleLighting/Load_CandleLightingWeeks?locationid=295&locationtype=1&save=1&tdate=5-17-2026"},{"locationName":"uruguay - montevideo","time":{"holiday: Sivan 5, 5786 - Thursday, May 21, 2026":{"Candle Lighting":"5:28 PM"},"holiday: Sivan 6, 5786 - Friday, May 22, 2026":{"Candle Lighting":"5:27 PM"},"holiday: Sivan 7, 5786 - Saturday, May 23, 2026":{"Shabbat/Holiday Ends":"6:25 PM"}},"url":"https://www.chabad.org/webservices/Zmanim/CandleLighting/Load_CandleLightingWeeks?locationid=342&locationtype=1&save=1&tdate=5-17-2026"},{"locationName":"venezuela - caracas","time":{"holiday: Sivan 5, 5786 - Thursday, May 21, 2026":{"Candle Lighting":"6:26 PM"},"holiday: Sivan 6, 5786 - Friday, May 22, 2026":{"Candle Lighting":"6:26 PM"},"holiday: Sivan 7, 5786 - Saturday, May 23, 2026":{"Shabbat/Holiday Ends":"7:18 PM"}},"url":"https://www.chabad.org/webservices/Zmanim/CandleLighting/Load_CandleLightingWeeks?locationid=105&locationtype=1&save=1&tdate=5-17-2026"}]}