{"parasha":"Va'etchanan","study":[{"day":0,"data":{"3 Chapters:":"Temidin uMusafim - Chapter 6, Temidin uMusafim - Chapter 7, Temidin uMusafim - Chapter 8","1 Chapter:":"Shofar, Sukkah, vLulav - Chapter One","Daily Mitzvah:":"Day 167: Positive Commandment 43, 44, 45, 46, 47, 48, 50, 51","date":"Sunday, 5 Av 5786 / July 19, 2026","jumashPortion":"Parshat Va'etchanan, 1st Portion (Devarim (Deuteronomy) 3:23-4:4)","tehilimPortion":"Chapters 29-34","taniaPortion":"Tanya"}},{"day":1,"data":{"3 Chapters:":"Temidin uMusafim - Chapter 9, Temidin uMusafim - Chapter 10, Pesulei Hamukdashim - Chapter 1","1 Chapter:":"Shofar, Sukkah, vLulav - Chapter Two","Daily Mitzvah:":"Day 168: Positive Commandment 161; Negative Commandment 140","date":"Monday, 6 Av 5786 / July 20, 2026","jumashPortion":"Parshat Va'etchanan, 2nd Portion (Devarim (Deuteronomy) 4:5-4:40)","tehilimPortion":"Chapters 35-38","taniaPortion":"Tanya"}},{"day":2,"data":{"3 Chapters:":"Pesulei Hamukdashim - Chapter 2, Pesulei Hamukdashim - Chapter 3, Pesulei Hamukdashim - Chapter 4","1 Chapter:":"Shofar, Sukkah, vLulav - Chapter Three","Daily Mitzvah:":"Day 169: Negative Commandment 132","date":"Tuesday, 7 Av 5786 / July 21, 2026","jumashPortion":"Parshat Va'etchanan, 3rd Portion (Devarim (Deuteronomy) 4:41-4:49)","tehilimPortion":"Chapters 39-43","taniaPortion":"Tanya"}},{"day":3,"data":{"3 Chapters:":"Pesulei Hamukdashim - Chapter 5, Pesulei Hamukdashim - Chapter 6, Pesulei Hamukdashim - Chapter 7","1 Chapter:":"Shofar, Sukkah, vLulav - Chapter Four","Daily Mitzvah:":"Day 170: Negative Commandment 120","date":"Wednesday, 8 Av 5786 / July 22, 2026","jumashPortion":"Parshat Va'etchanan, 4th Portion (Devarim (Deuteronomy) 5:1-5:18)","tehilimPortion":"Chapters 44-48","taniaPortion":"Tanya"}},{"day":4,"data":{"3 Chapters:":"Pesulei Hamukdashim - Chapter 8, Pesulei Hamukdashim - Chapter 9, Pesulei Hamukdashim - Chapter 10","1 Chapter:":"Shofar, Sukkah, vLulav - Chapter Five","Daily Mitzvah:":"Day 171: Negative Commandment 131","date":"Thursday, 9 Av 5786 / July 23, 2026","jumashPortion":"Parshat Va'etchanan, 5th Portion (Devarim (Deuteronomy) 5:19-6:3)","tehilimPortion":"Chapters 49-54","taniaPortion":"Tanya"}},{"day":5,"data":{"3 Chapters:":"Pesulei Hamukdashim - Chapter 11, Pesulei Hamukdashim - Chapter 12, Pesulei Hamukdashim - Chapter 13","1 Chapter:":"Shofar, Sukkah, vLulav - Chapter Six","Daily Mitzvah:":"Day 172: Negative Commandment 130, 129","date":"Friday, 10 Av 5786 / July 24, 2026","jumashPortion":"Parshat Va'etchanan, 6th Portion (Devarim (Deuteronomy) 6:4-6:25)","tehilimPortion":"Chapters 55-59","taniaPortion":"Tanya"}},{"day":6,"data":{"3 Chapters:":"Pesulei Hamukdashim - Chapter 14, Pesulei Hamukdashim - Chapter 15, Pesulei Hamukdashim - Chapter 16","1 Chapter:":"Shofar, Sukkah, vLulav - Chapter Seven","Daily Mitzvah:":"Day 173: Positive Commandment 91","date":"Shabbat, 11 Av 5786 / July 25, 2026","jumashPortion":"Parshat Va'etchanan, 7th Portion (Devarim (Deuteronomy) 7:1-7:11)","tehilimPortion":"Chapters 60-65","taniaPortion":"Tanya"}}],"velas":[{"locationName":"argentina - buenos aires","time":{"shabbat: Av 10, 5786 - Friday, July 24, 2026":{"Candle Lighting":"5:50 PM"},"shabbat: Av 11, 5786 - Saturday, July 25, 2026":{"Shabbat Ends":"6:48 PM"}},"url":"https://www.chabad.org/webservices/Zmanim/CandleLighting/Load_CandleLightingWeeks?locationid=90&locationtype=1&save=1&tdate=7-19-2026"},{"locationName":"argentina - cordoba","time":{"shabbat: Av 10, 5786 - Friday, July 24, 2026":{"Candle Lighting":"6:19 PM"},"shabbat: Av 11, 5786 - Saturday, July 25, 2026":{"Shabbat Ends":"7:16 PM"}},"url":"https://www.chabad.org/webservices/Zmanim/CandleLighting/Load_CandleLightingWeeks?locationid=135&locationtype=1&save=1&tdate=7-19-2026"},{"locationName":"argentina - rosario","time":{"shabbat: Av 10, 5786 - Friday, July 24, 2026":{"Candle Lighting":"6:02 PM"},"shabbat: Av 11, 5786 - Saturday, July 25, 2026":{"Shabbat Ends":"6:59 PM"}},"url":"https://www.chabad.org/webservices/Zmanim/CandleLighting/Load_CandleLightingWeeks?locationid=746&locationtype=1&save=1&tdate=7-19-2026"},{"locationName":"argentina - tucuman","time":{"shabbat: Av 10, 5786 - Friday, July 24, 2026":{"Candle Lighting":"6:32 PM"},"shabbat: Av 11, 5786 - Saturday, July 25, 2026":{"Shabbat Ends":"7:27 PM"}},"url":"https://www.chabad.org/webservices/Zmanim/CandleLighting/Load_CandleLightingWeeks?locationid=837&locationtype=1&save=1&tdate=7-19-2026"},{"locationName":"chile - santiago","time":{"shabbat: Av 10, 5786 - Friday, July 24, 2026":{"Candle Lighting":"5:41 PM"},"shabbat: Av 11, 5786 - Saturday, July 25, 2026":{"Shabbat Ends":"6:39 PM"}},"url":"https://www.chabad.org/webservices/Zmanim/CandleLighting/Load_CandleLightingWeeks?locationid=482&locationtype=1&save=1&tdate=7-19-2026"},{"locationName":"colombia - bogota","time":{"shabbat: Av 10, 5786 - Friday, July 24, 2026":{"Candle Lighting":"5:55 PM"},"shabbat: Av 11, 5786 - Saturday, July 25, 2026":{"Shabbat Ends":"6:46 PM"}},"url":"https://www.chabad.org/webservices/Zmanim/CandleLighting/Load_CandleLightingWeeks?locationid=66&locationtype=1&save=1&tdate=7-19-2026"},{"locationName":"colombia - medellin","time":{"shabbat: Av 10, 5786 - Friday, July 24, 2026":{"Candle Lighting":"6:03 PM"},"shabbat: Av 11, 5786 - Saturday, July 25, 2026":{"Shabbat Ends":"6:54 PM"}},"url":"https://www.chabad.org/webservices/Zmanim/CandleLighting/Load_CandleLightingWeeks?locationid=326&locationtype=1&save=1&tdate=7-19-2026"},{"locationName":"costa rica - san jose","time":{"shabbat: Av 10, 5786 - Friday, July 24, 2026":{"Candle Lighting":"5:43 PM"},"shabbat: Av 11, 5786 - Saturday, July 25, 2026":{"Shabbat Ends":"6:34 PM"}},"url":"https://www.chabad.org/webservices/Zmanim/CandleLighting/Load_CandleLightingWeeks?locationid=621&locationtype=1&save=1&tdate=7-19-2026"},{"locationName":"españa - barcelona","time":{"shabbat: Av 10, 5786 - Friday, July 24, 2026":{"Candle Lighting":"8:59 PM"},"shabbat: Av 11, 5786 - Saturday, July 25, 2026":{"Shabbat Ends":"10:03 PM"}},"url":"https://www.chabad.org/webservices/Zmanim/CandleLighting/Load_CandleLightingWeeks?locationid=44&locationtype=1&save=1&tdate=7-19-2026"},{"locationName":"españa - madrid","time":{"shabbat: Av 10, 5786 - Friday, July 24, 2026":{"Candle Lighting":"9:19 PM"},"shabbat: Av 11, 5786 - Saturday, July 25, 2026":{"Shabbat Ends":"10:23 PM"}},"url":"https://www.chabad.org/webservices/Zmanim/CandleLighting/Load_CandleLightingWeeks?locationid=314&locationtype=1&save=1&tdate=7-19-2026"},{"locationName":"estados unidos - New York","time":{"shabbat: Av 10, 5786 - Friday, July 24, 2026":{"Candle Lighting":"8:01 PM"},"shabbat: Av 11, 5786 - Saturday, July 25, 2026":{"Shabbat Ends":"9:05 PM"}},"url":"https://www.chabad.org/webservices/Zmanim/CandleLighting/Load_CandleLightingWeeks?locationid=370&locationtype=1&save=1&tdate=7-19-2026"},{"locationName":"estados unidos - miami florida","time":{"shabbat: Av 10, 5786 - Friday, July 24, 2026":{"Candle Lighting":"7:53 PM"},"shabbat: Av 11, 5786 - Saturday, July 25, 2026":{"Shabbat Ends":"8:48 PM"}},"url":"https://www.chabad.org/webservices/Zmanim/CandleLighting/Load_CandleLightingWeeks?locationid=331&locationtype=1&save=1&tdate=7-19-2026"},{"locationName":"israel - raanana","time":{"shabbat: Av 10, 5786 - Friday, July 24, 2026":{"Candle Lighting":"7:24 PM"},"shabbat: Av 11, 5786 - Saturday, July 25, 2026":{"Shabbat Ends":"8:24 PM"}},"url":"https://www.chabad.org/webservices/Zmanim/CandleLighting/Load_CandleLightingWeeks?locationid=937&locationtype=1&save=1&tdate=7-19-2026"},{"locationName":"israel - ierushalaim","time":{"shabbat: Av 10, 5786 - Friday, July 24, 2026":{"Candle Lighting":"7:01 PM"},"shabbat: Av 11, 5786 - Saturday, July 25, 2026":{"Shabbat Ends":"8:21 PM"}},"url":"https://www.chabad.org/webservices/Zmanim/CandleLighting/Load_CandleLightingWeeks?locationid=247&locationtype=1&save=1&tdate=7-19-2026"},{"locationName":"israel - migdal haemek","time":{"shabbat: Av 10, 5786 - Friday, July 24, 2026":{"Candle Lighting":"7:13 PM"},"shabbat: Av 11, 5786 - Saturday, July 25, 2026":{"Shabbat Ends":"8:23 PM"}},"url":"https://www.chabad.org/webservices/Zmanim/CandleLighting/Load_CandleLightingWeeks?locationid=1470&locationtype=1&save=1&tdate=7-19-2026"},{"locationName":"mexico - mexico city","time":{"shabbat: Av 10, 5786 - Friday, July 24, 2026":{"Candle Lighting":"6:58 PM"},"shabbat: Av 11, 5786 - Saturday, July 25, 2026":{"Shabbat Ends":"7:51 PM"}},"url":"https://www.chabad.org/webservices/Zmanim/CandleLighting/Load_CandleLightingWeeks?locationid=330&locationtype=1&save=1&tdate=7-19-2026"},{"locationName":"panama - panama city","time":{"shabbat: Av 10, 5786 - Friday, July 24, 2026":{"Candle Lighting":"6:23 PM"},"shabbat: Av 11, 5786 - Saturday, July 25, 2026":{"Shabbat Ends":"7:14 PM"}},"url":"https://www.chabad.org/webservices/Zmanim/CandleLighting/Load_CandleLightingWeeks?locationid=392&locationtype=1&save=1&tdate=7-19-2026"},{"locationName":"peru - lima","time":{"shabbat: Av 10, 5786 - Friday, July 24, 2026":{"Candle Lighting":"5:43 PM"},"shabbat: Av 11, 5786 - Saturday, July 25, 2026":{"Shabbat Ends":"6:34 PM"}},"url":"https://www.chabad.org/webservices/Zmanim/CandleLighting/Load_CandleLightingWeeks?locationid=295&locationtype=1&save=1&tdate=7-19-2026"},{"locationName":"uruguay - montevideo","time":{"shabbat: Av 10, 5786 - Friday, July 24, 2026":{"Candle Lighting":"5:40 PM"},"shabbat: Av 11, 5786 - Saturday, July 25, 2026":{"Shabbat Ends":"6:38 PM"}},"url":"https://www.chabad.org/webservices/Zmanim/CandleLighting/Load_CandleLightingWeeks?locationid=342&locationtype=1&save=1&tdate=7-19-2026"},{"locationName":"venezuela - caracas","time":{"shabbat: Av 10, 5786 - Friday, July 24, 2026":{"Candle Lighting":"6:35 PM"},"shabbat: Av 11, 5786 - Saturday, July 25, 2026":{"Shabbat Ends":"7:26 PM"}},"url":"https://www.chabad.org/webservices/Zmanim/CandleLighting/Load_CandleLightingWeeks?locationid=105&locationtype=1&save=1&tdate=7-19-2026"}]}