{"parasha":"Eikev","study":[{"day":0,"data":{"3 Chapters:":"Pesulei Hamukdashim - Chapter 17, Pesulei Hamukdashim - Chapter 18, Pesulei Hamukdashim - Chapter 19","1 Chapter:":"Shofar, Sukkah, vLulav - Chapter Eight","Daily Mitzvah:":"Day 174: Positive Commandment 90","date":"Sunday, 12 Av 5786 / July 26, 2026","jumashPortion":"Parshat Eikev, 1st Portion (Devarim (Deuteronomy) 7:12-8:10)","tehilimPortion":"Chapters 66-68","taniaPortion":"Tanya"}},{"day":1,"data":{"3 Chapters:":"Avodat Yom haKippurim - Chapter 1, Avodat Yom haKippurim - Chapter 2, Avodat Yom haKippurim - Chapter 3","1 Chapter:":"Shekalim - Chapter One","Daily Mitzvah:":"Day 175: Positive Commandment 49","date":"Monday, 13 Av 5786 / July 27, 2026","jumashPortion":"Parshat Eikev, 2nd Portion (Devarim (Deuteronomy) 8:11-9:3)","tehilimPortion":"Chapters 69-71","taniaPortion":"Tanya"}},{"day":2,"data":{"3 Chapters:":"Avodat Yom haKippurim - Chapter 4, Avodat Yom haKippurim - Chapter 5, Me`ilah - Chapter 1","1 Chapter:":"Shekalim - Chapter Two","Daily Mitzvah:":"Day 176: Positive Commandment 49, 118","date":"Tuesday, 14 Av 5786 / July 28, 2026","jumashPortion":"Parshat Eikev, 3rd Portion (Devarim (Deuteronomy) 9:4-9:29)","tehilimPortion":"Chapters 72-76","taniaPortion":"Tanya"}},{"day":3,"data":{"3 Chapters:":"Me`ilah - Chapter 2, Me`ilah - Chapter 3, Me`ilah - Chapter 4","1 Chapter:":"Shekalim - Chapter Three","Daily Mitzvah:":"Day 177: Negative Commandment 113","date":"Wednesday, 15 Av 5786 / July 29, 2026","jumashPortion":"Parshat Eikev, 4th Portion (Devarim (Deuteronomy) 10:1-10:11)","tehilimPortion":"Chapters 77-78","taniaPortion":"Tanya"}},{"day":4,"data":{"3 Chapters:":"Me`ilah - Chapter 5, Me`ilah - Chapter 6, Me`ilah - Chapter 7","1 Chapter:":"Shekalim - Chapter Four","Daily Mitzvah:":"Day 178: Negative Commandment 114","date":"Thursday, 16 Av 5786 / July 30, 2026","jumashPortion":"Parshat Eikev, 5th Portion (Devarim (Deuteronomy) 10:12-11:9)","tehilimPortion":"Chapters 79-82","taniaPortion":"Tanya"}},{"day":5,"data":{"3 Chapters:":"Me`ilah - Chapter 8, Korban Pesach - Chapter 1, Korban Pesach - Chapter 2","1 Chapter:":"Kiddush HaChodesh - Chapter One","Daily Mitzvah:":"Day 179: Negative Commandment 114; Positive Commandment 55; Negative Commandment 115, 116","date":"Friday, 17 Av 5786 / July 31, 2026","jumashPortion":"Parshat Eikev, 6th Portion (Devarim (Deuteronomy) 11:10-11:21)","tehilimPortion":"Chapters 83-87","taniaPortion":"Tanya"}},{"day":6,"data":{"3 Chapters:":"Korban Pesach - Chapter 3, Korban Pesach - Chapter 4, Korban Pesach - Chapter 5","1 Chapter:":"Kiddush HaChodesh - Chapter Two","Daily Mitzvah:":"Day 180: Positive Commandment 57, 56, 58","date":"Shabbat, 18 Av 5786 / August 1, 2026","jumashPortion":"Parshat Eikev, 7th Portion (Devarim (Deuteronomy) 11:22-11:25)","tehilimPortion":"Chapters 88-89","taniaPortion":"Tanya"}}],"velas":[{"locationName":"argentina - buenos aires","time":{"shabbat: Av 17, 5786 - Friday, July 31, 2026":{"Candle Lighting":"5:54 PM"},"shabbat: Av 18, 5786 - Saturday, August 1, 2026":{"Shabbat Ends":"6:53 PM"}},"url":"https://www.chabad.org/webservices/Zmanim/CandleLighting/Load_CandleLightingWeeks?locationid=90&locationtype=1&save=1&tdate=7-26-2026"},{"locationName":"argentina - cordoba","time":{"shabbat: Av 17, 5786 - Friday, July 31, 2026":{"Candle Lighting":"6:23 PM"},"shabbat: Av 18, 5786 - Saturday, August 1, 2026":{"Shabbat Ends":"7:20 PM"}},"url":"https://www.chabad.org/webservices/Zmanim/CandleLighting/Load_CandleLightingWeeks?locationid=135&locationtype=1&save=1&tdate=7-26-2026"},{"locationName":"argentina - rosario","time":{"shabbat: Av 17, 5786 - Friday, July 31, 2026":{"Candle Lighting":"6:06 PM"},"shabbat: Av 18, 5786 - Saturday, August 1, 2026":{"Shabbat Ends":"7:03 PM"}},"url":"https://www.chabad.org/webservices/Zmanim/CandleLighting/Load_CandleLightingWeeks?locationid=746&locationtype=1&save=1&tdate=7-26-2026"},{"locationName":"argentina - tucuman","time":{"shabbat: Av 17, 5786 - Friday, July 31, 2026":{"Candle Lighting":"6:35 PM"},"shabbat: Av 18, 5786 - Saturday, August 1, 2026":{"Shabbat Ends":"7:30 PM"}},"url":"https://www.chabad.org/webservices/Zmanim/CandleLighting/Load_CandleLightingWeeks?locationid=837&locationtype=1&save=1&tdate=7-26-2026"},{"locationName":"chile - santiago","time":{"shabbat: Av 17, 5786 - Friday, July 31, 2026":{"Candle Lighting":"5:46 PM"},"shabbat: Av 18, 5786 - Saturday, August 1, 2026":{"Shabbat Ends":"6:43 PM"}},"url":"https://www.chabad.org/webservices/Zmanim/CandleLighting/Load_CandleLightingWeeks?locationid=482&locationtype=1&save=1&tdate=7-26-2026"},{"locationName":"colombia - bogota","time":{"shabbat: Av 17, 5786 - Friday, July 31, 2026":{"Candle Lighting":"5:54 PM"},"shabbat: Av 18, 5786 - Saturday, August 1, 2026":{"Shabbat Ends":"6:45 PM"}},"url":"https://www.chabad.org/webservices/Zmanim/CandleLighting/Load_CandleLightingWeeks?locationid=66&locationtype=1&save=1&tdate=7-26-2026"},{"locationName":"colombia - medellin","time":{"shabbat: Av 17, 5786 - Friday, July 31, 2026":{"Candle Lighting":"6:02 PM"},"shabbat: Av 18, 5786 - Saturday, August 1, 2026":{"Shabbat Ends":"6:53 PM"}},"url":"https://www.chabad.org/webservices/Zmanim/CandleLighting/Load_CandleLightingWeeks?locationid=326&locationtype=1&save=1&tdate=7-26-2026"},{"locationName":"costa rica - san jose","time":{"shabbat: Av 17, 5786 - Friday, July 31, 2026":{"Candle Lighting":"5:41 PM"},"shabbat: Av 18, 5786 - Saturday, August 1, 2026":{"Shabbat Ends":"6:32 PM"}},"url":"https://www.chabad.org/webservices/Zmanim/CandleLighting/Load_CandleLightingWeeks?locationid=621&locationtype=1&save=1&tdate=7-26-2026"},{"locationName":"españa - barcelona","time":{"shabbat: Av 17, 5786 - Friday, July 31, 2026":{"Candle Lighting":"8:52 PM"},"shabbat: Av 18, 5786 - Saturday, August 1, 2026":{"Shabbat Ends":"9:55 PM"}},"url":"https://www.chabad.org/webservices/Zmanim/CandleLighting/Load_CandleLightingWeeks?locationid=44&locationtype=1&save=1&tdate=7-26-2026"},{"locationName":"españa - madrid","time":{"shabbat: Av 17, 5786 - Friday, July 31, 2026":{"Candle Lighting":"9:13 PM"},"shabbat: Av 18, 5786 - Saturday, August 1, 2026":{"Shabbat Ends":"10:15 PM"}},"url":"https://www.chabad.org/webservices/Zmanim/CandleLighting/Load_CandleLightingWeeks?locationid=314&locationtype=1&save=1&tdate=7-26-2026"},{"locationName":"estados unidos - New York","time":{"shabbat: Av 17, 5786 - Friday, July 31, 2026":{"Candle Lighting":"7:54 PM"},"shabbat: Av 18, 5786 - Saturday, August 1, 2026":{"Shabbat Ends":"8:57 PM"}},"url":"https://www.chabad.org/webservices/Zmanim/CandleLighting/Load_CandleLightingWeeks?locationid=370&locationtype=1&save=1&tdate=7-26-2026"},{"locationName":"estados unidos - miami florida","time":{"shabbat: Av 17, 5786 - Friday, July 31, 2026":{"Candle Lighting":"7:49 PM"},"shabbat: Av 18, 5786 - Saturday, August 1, 2026":{"Shabbat Ends":"8:44 PM"}},"url":"https://www.chabad.org/webservices/Zmanim/CandleLighting/Load_CandleLightingWeeks?locationid=331&locationtype=1&save=1&tdate=7-26-2026"},{"locationName":"israel - raanana","time":{"shabbat: Av 17, 5786 - Friday, July 31, 2026":{"Candle Lighting":"7:19 PM"},"shabbat: Av 18, 5786 - Saturday, August 1, 2026":{"Shabbat Ends":"8:18 PM"}},"url":"https://www.chabad.org/webservices/Zmanim/CandleLighting/Load_CandleLightingWeeks?locationid=937&locationtype=1&save=1&tdate=7-26-2026"},{"locationName":"israel - ierushalaim","time":{"shabbat: Av 17, 5786 - Friday, July 31, 2026":{"Candle Lighting":"6:57 PM"},"shabbat: Av 18, 5786 - Saturday, August 1, 2026":{"Shabbat Ends":"8:16 PM"}},"url":"https://www.chabad.org/webservices/Zmanim/CandleLighting/Load_CandleLightingWeeks?locationid=247&locationtype=1&save=1&tdate=7-26-2026"},{"locationName":"israel - migdal haemek","time":{"shabbat: Av 17, 5786 - Friday, July 31, 2026":{"Candle Lighting":"7:08 PM"},"shabbat: Av 18, 5786 - Saturday, August 1, 2026":{"Shabbat Ends":"8:18 PM"}},"url":"https://www.chabad.org/webservices/Zmanim/CandleLighting/Load_CandleLightingWeeks?locationid=1470&locationtype=1&save=1&tdate=7-26-2026"},{"locationName":"mexico - mexico city","time":{"shabbat: Av 17, 5786 - Friday, July 31, 2026":{"Candle Lighting":"6:55 PM"},"shabbat: Av 18, 5786 - Saturday, August 1, 2026":{"Shabbat Ends":"7:47 PM"}},"url":"https://www.chabad.org/webservices/Zmanim/CandleLighting/Load_CandleLightingWeeks?locationid=330&locationtype=1&save=1&tdate=7-26-2026"},{"locationName":"panama - panama city","time":{"shabbat: Av 17, 5786 - Friday, July 31, 2026":{"Candle Lighting":"6:22 PM"},"shabbat: Av 18, 5786 - Saturday, August 1, 2026":{"Shabbat Ends":"7:12 PM"}},"url":"https://www.chabad.org/webservices/Zmanim/CandleLighting/Load_CandleLightingWeeks?locationid=392&locationtype=1&save=1&tdate=7-26-2026"},{"locationName":"peru - lima","time":{"shabbat: Av 17, 5786 - Friday, July 31, 2026":{"Candle Lighting":"5:44 PM"},"shabbat: Av 18, 5786 - Saturday, August 1, 2026":{"Shabbat Ends":"6:35 PM"}},"url":"https://www.chabad.org/webservices/Zmanim/CandleLighting/Load_CandleLightingWeeks?locationid=295&locationtype=1&save=1&tdate=7-26-2026"},{"locationName":"uruguay - montevideo","time":{"shabbat: Av 17, 5786 - Friday, July 31, 2026":{"Candle Lighting":"5:45 PM"},"shabbat: Av 18, 5786 - Saturday, August 1, 2026":{"Shabbat Ends":"6:43 PM"}},"url":"https://www.chabad.org/webservices/Zmanim/CandleLighting/Load_CandleLightingWeeks?locationid=342&locationtype=1&save=1&tdate=7-26-2026"},{"locationName":"venezuela - caracas","time":{"shabbat: Av 17, 5786 - Friday, July 31, 2026":{"Candle Lighting":"6:34 PM"},"shabbat: Av 18, 5786 - Saturday, August 1, 2026":{"Shabbat Ends":"7:24 PM"}},"url":"https://www.chabad.org/webservices/Zmanim/CandleLighting/Load_CandleLightingWeeks?locationid=105&locationtype=1&save=1&tdate=7-26-2026"}]}