{"parasha":"Matot-Massei","study":[{"day":0,"data":{"3 Chapters:":"Klei Hamikdash - Chapter 9, Klei Hamikdash - Chapter 10, Biat Hamikdash - Chapter 1","1 Chapter:":"Shevitat Yom Tov - Chapter Four","Daily Mitzvah:":"Day 153: Positive Commandment 33; Negative Commandment 88, 87, 73, 163, 164","date":"Sunday, 20 Tammuz 5786 / July 5, 2026","jumashPortion":"Parshat Matot-Massei, 1st Portion (Bamidbar (Numbers) 30:2-31:12)","tehilimPortion":"Chapters 97-103","taniaPortion":"Igeret HaTeshuva, beginning of Chapter 7"}},{"day":1,"data":{"3 Chapters:":"Biat Hamikdash - Chapter 2, Biat Hamikdash - Chapter 3, Biat Hamikdash - Chapter 4","1 Chapter:":"Shevitat Yom Tov - Chapter Five","Daily Mitzvah:":"Day 154: Negative Commandment 68, 165; Positive Commandment 31; Negative Commandment 77, 78","date":"Monday, 21 Tammuz 5786 / July 6, 2026","jumashPortion":"Parshat Matot-Massei, 2nd Portion (Bamidbar (Numbers) 31:13-31:54)","tehilimPortion":"Chapters 104-105","taniaPortion":"Igeret HaTeshuva, middle of Chapter 7"}},{"day":2,"data":{"3 Chapters:":"Biat Hamikdash - Chapter 5, Biat Hamikdash - Chapter 6, Biat Hamikdash - Chapter 7","1 Chapter:":"Shevitat Yom Tov - Chapter Six","Daily Mitzvah:":"Day 155: Negative Commandment 75, 76; Positive Commandment 24; Negative Commandment 69, 70, 71","date":"Tuesday, 22 Tammuz 5786 / July 7, 2026","jumashPortion":"Parshat Matot-Massei, 3rd Portion (Bamidbar (Numbers) 32:1-32:19)","tehilimPortion":"Chapters 106-107","taniaPortion":"Igeret HaTeshuva, end of Chapter 7"}},{"day":3,"data":{"3 Chapters:":"Biat Hamikdash - Chapter 8, Biat Hamikdash - Chapter 9, Issurei Mizbeiach - Chapter 1","1 Chapter:":"Shevitat Yom Tov - Chapter Seven","Daily Mitzvah:":"Day 156: Negative Commandment 74; Positive Commandment 61; Negative Commandment 91, 92, 93","date":"Wednesday, 23 Tammuz 5786 / July 8, 2026","jumashPortion":"Parshat Matot-Massei, 4th Portion (Bamidbar (Numbers) 32:20-33:49)","tehilimPortion":"Chapters 108-112","taniaPortion":"Igeret HaTeshuva, beginning of Chapter 8"}},{"day":4,"data":{"3 Chapters:":"Issurei Mizbeiach - Chapter 2, Issurei Mizbeiach - Chapter 3, Issurei Mizbeiach - Chapter 4","1 Chapter:":"Shevitat Yom Tov - Chapter Eight","Daily Mitzvah:":"Day 157: Negative Commandment 94, 95, 96, 97; Positive Commandment 86","date":"Thursday, 24 Tammuz 5786 / July 9, 2026","jumashPortion":"Parshat Matot-Massei, 5th Portion (Bamidbar (Numbers) 33:50-34:15)","tehilimPortion":"Chapters 113-118","taniaPortion":"Igeret HaTeshuva, end of Chapter 8"}},{"day":5,"data":{"3 Chapters:":"Issurei Mizbeiach - Chapter 5, Issurei Mizbeiach - Chapter 6, Issurei Mizbeiach - Chapter 7","1 Chapter:":"Chametz U'Matzah - Chapter One","Daily Mitzvah:":"Day 158: Positive Commandment 60; Negative Commandment 100, 98; Positive Commandment 62; Negative Commandment 99","date":"Friday, 25 Tammuz 5786 / July 10, 2026","jumashPortion":"Parshat Matot-Massei, 6th Portion (Bamidbar (Numbers) 34:16-35:8)","tehilimPortion":"Tehillim - Psalms","taniaPortion":"Igeret HaTeshuva, Chapter 9"}},{"day":6,"data":{"3 Chapters:":"Maaseh Hakorbanot - Chapter 1, Maaseh Hakorbanot - Chapter 2, Maaseh Hakorbanot - Chapter 3","1 Chapter:":"Chametz U'Matzah - Chapter Two","Daily Mitzvah:":"Day 159: Positive Commandment 63; Negative Commandment 146; Positive Commandment 64","date":"Shabbat, 26 Tammuz 5786 / July 11, 2026","jumashPortion":"Parshat Matot-Massei, 7th Portion (Bamidbar (Numbers) 35:9-36:13)","tehilimPortion":"Tehillim - Psalms","taniaPortion":"Igeret HaTeshuva, beginning of Chapter 10"}}],"velas":[{"locationName":"argentina - buenos aires","time":{"shabbat: Tammuz 25, 5786 - Friday, July 10, 2026":{"Candle Lighting":"5:41 PM"},"shabbat: Tammuz 26, 5786 - Saturday, July 11, 2026":{"Shabbat Ends":"6:40 PM"}},"url":"https://www.chabad.org/webservices/Zmanim/CandleLighting/Load_CandleLightingWeeks?locationid=90&locationtype=1&save=1&tdate=7-5-2026"},{"locationName":"argentina - cordoba","time":{"shabbat: Tammuz 25, 5786 - Friday, July 10, 2026":{"Candle Lighting":"6:11 PM"},"shabbat: Tammuz 26, 5786 - Saturday, July 11, 2026":{"Shabbat Ends":"7:09 PM"}},"url":"https://www.chabad.org/webservices/Zmanim/CandleLighting/Load_CandleLightingWeeks?locationid=135&locationtype=1&save=1&tdate=7-5-2026"},{"locationName":"argentina - rosario","time":{"shabbat: Tammuz 25, 5786 - Friday, July 10, 2026":{"Candle Lighting":"5:53 PM"},"shabbat: Tammuz 26, 5786 - Saturday, July 11, 2026":{"Shabbat Ends":"6:52 PM"}},"url":"https://www.chabad.org/webservices/Zmanim/CandleLighting/Load_CandleLightingWeeks?locationid=746&locationtype=1&save=1&tdate=7-5-2026"},{"locationName":"argentina - tucuman","time":{"shabbat: Tammuz 25, 5786 - Friday, July 10, 2026":{"Candle Lighting":"6:25 PM"},"shabbat: Tammuz 26, 5786 - Saturday, July 11, 2026":{"Shabbat Ends":"7:21 PM"}},"url":"https://www.chabad.org/webservices/Zmanim/CandleLighting/Load_CandleLightingWeeks?locationid=837&locationtype=1&save=1&tdate=7-5-2026"},{"locationName":"chile - santiago","time":{"shabbat: Tammuz 25, 5786 - Friday, July 10, 2026":{"Candle Lighting":"5:32 PM"},"shabbat: Tammuz 26, 5786 - Saturday, July 11, 2026":{"Shabbat Ends":"6:31 PM"}},"url":"https://www.chabad.org/webservices/Zmanim/CandleLighting/Load_CandleLightingWeeks?locationid=482&locationtype=1&save=1&tdate=7-5-2026"},{"locationName":"colombia - bogota","time":{"shabbat: Tammuz 25, 5786 - Friday, July 10, 2026":{"Candle Lighting":"5:55 PM"},"shabbat: Tammuz 26, 5786 - Saturday, July 11, 2026":{"Shabbat Ends":"6:46 PM"}},"url":"https://www.chabad.org/webservices/Zmanim/CandleLighting/Load_CandleLightingWeeks?locationid=66&locationtype=1&save=1&tdate=7-5-2026"},{"locationName":"colombia - medellin","time":{"shabbat: Tammuz 25, 5786 - Friday, July 10, 2026":{"Candle Lighting":"6:04 PM"},"shabbat: Tammuz 26, 5786 - Saturday, July 11, 2026":{"Shabbat Ends":"6:55 PM"}},"url":"https://www.chabad.org/webservices/Zmanim/CandleLighting/Load_CandleLightingWeeks?locationid=326&locationtype=1&save=1&tdate=7-5-2026"},{"locationName":"costa rica - san jose","time":{"shabbat: Tammuz 25, 5786 - Friday, July 10, 2026":{"Candle Lighting":"5:44 PM"},"shabbat: Tammuz 26, 5786 - Saturday, July 11, 2026":{"Shabbat Ends":"6:36 PM"}},"url":"https://www.chabad.org/webservices/Zmanim/CandleLighting/Load_CandleLightingWeeks?locationid=621&locationtype=1&save=1&tdate=7-5-2026"},{"locationName":"españa - barcelona","time":{"shabbat: Tammuz 25, 5786 - Friday, July 10, 2026":{"Candle Lighting":"9:08 PM"},"shabbat: Tammuz 26, 5786 - Saturday, July 11, 2026":{"Shabbat Ends":"10:16 PM"}},"url":"https://www.chabad.org/webservices/Zmanim/CandleLighting/Load_CandleLightingWeeks?locationid=44&locationtype=1&save=1&tdate=7-5-2026"},{"locationName":"españa - madrid","time":{"shabbat: Tammuz 25, 5786 - Friday, July 10, 2026":{"Candle Lighting":"9:28 PM"},"shabbat: Tammuz 26, 5786 - Saturday, July 11, 2026":{"Shabbat Ends":"10:35 PM"}},"url":"https://www.chabad.org/webservices/Zmanim/CandleLighting/Load_CandleLightingWeeks?locationid=314&locationtype=1&save=1&tdate=7-5-2026"},{"locationName":"estados unidos - New York","time":{"shabbat: Tammuz 25, 5786 - Friday, July 10, 2026":{"Candle Lighting":"8:10 PM"},"shabbat: Tammuz 26, 5786 - Saturday, July 11, 2026":{"Shabbat Ends":"9:17 PM"}},"url":"https://www.chabad.org/webservices/Zmanim/CandleLighting/Load_CandleLightingWeeks?locationid=370&locationtype=1&save=1&tdate=7-5-2026"},{"locationName":"estados unidos - miami florida","time":{"shabbat: Tammuz 25, 5786 - Friday, July 10, 2026":{"Candle Lighting":"7:58 PM"},"shabbat: Tammuz 26, 5786 - Saturday, July 11, 2026":{"Shabbat Ends":"8:54 PM"}},"url":"https://www.chabad.org/webservices/Zmanim/CandleLighting/Load_CandleLightingWeeks?locationid=331&locationtype=1&save=1&tdate=7-5-2026"},{"locationName":"israel - raanana","time":{"shabbat: Tammuz 25, 5786 - Friday, July 10, 2026":{"Candle Lighting":"7:30 PM"},"shabbat: Tammuz 26, 5786 - Saturday, July 11, 2026":{"Shabbat Ends":"8:31 PM"}},"url":"https://www.chabad.org/webservices/Zmanim/CandleLighting/Load_CandleLightingWeeks?locationid=937&locationtype=1&save=1&tdate=7-5-2026"},{"locationName":"israel - ierushalaim","time":{"shabbat: Tammuz 25, 5786 - Friday, July 10, 2026":{"Candle Lighting":"7:08 PM"},"shabbat: Tammuz 26, 5786 - Saturday, July 11, 2026":{"Shabbat Ends":"8:29 PM"}},"url":"https://www.chabad.org/webservices/Zmanim/CandleLighting/Load_CandleLightingWeeks?locationid=247&locationtype=1&save=1&tdate=7-5-2026"},{"locationName":"israel - migdal haemek","time":{"shabbat: Tammuz 25, 5786 - Friday, July 10, 2026":{"Candle Lighting":"7:20 PM"},"shabbat: Tammuz 26, 5786 - Saturday, July 11, 2026":{"Shabbat Ends":"8:31 PM"}},"url":"https://www.chabad.org/webservices/Zmanim/CandleLighting/Load_CandleLightingWeeks?locationid=1470&locationtype=1&save=1&tdate=7-5-2026"},{"locationName":"mexico - mexico city","time":{"shabbat: Tammuz 25, 5786 - Friday, July 10, 2026":{"Candle Lighting":"7:01 PM"},"shabbat: Tammuz 26, 5786 - Saturday, July 11, 2026":{"Shabbat Ends":"7:55 PM"}},"url":"https://www.chabad.org/webservices/Zmanim/CandleLighting/Load_CandleLightingWeeks?locationid=330&locationtype=1&save=1&tdate=7-5-2026"},{"locationName":"panama - panama city","time":{"shabbat: Tammuz 25, 5786 - Friday, July 10, 2026":{"Candle Lighting":"6:24 PM"},"shabbat: Tammuz 26, 5786 - Saturday, July 11, 2026":{"Shabbat Ends":"7:16 PM"}},"url":"https://www.chabad.org/webservices/Zmanim/CandleLighting/Load_CandleLightingWeeks?locationid=392&locationtype=1&save=1&tdate=7-5-2026"},{"locationName":"peru - lima","time":{"shabbat: Tammuz 25, 5786 - Friday, July 10, 2026":{"Candle Lighting":"5:39 PM"},"shabbat: Tammuz 26, 5786 - Saturday, July 11, 2026":{"Shabbat Ends":"6:31 PM"}},"url":"https://www.chabad.org/webservices/Zmanim/CandleLighting/Load_CandleLightingWeeks?locationid=295&locationtype=1&save=1&tdate=7-5-2026"},{"locationName":"uruguay - montevideo","time":{"shabbat: Tammuz 25, 5786 - Friday, July 10, 2026":{"Candle Lighting":"5:31 PM"},"shabbat: Tammuz 26, 5786 - Saturday, July 11, 2026":{"Shabbat Ends":"6:30 PM"}},"url":"https://www.chabad.org/webservices/Zmanim/CandleLighting/Load_CandleLightingWeeks?locationid=342&locationtype=1&save=1&tdate=7-5-2026"},{"locationName":"venezuela - caracas","time":{"shabbat: Tammuz 25, 5786 - Friday, July 10, 2026":{"Candle Lighting":"6:36 PM"},"shabbat: Tammuz 26, 5786 - Saturday, July 11, 2026":{"Shabbat Ends":"7:28 PM"}},"url":"https://www.chabad.org/webservices/Zmanim/CandleLighting/Load_CandleLightingWeeks?locationid=105&locationtype=1&save=1&tdate=7-5-2026"}]}