{"parasha":"Nitzavim-Vayelech","study":[{"day":0,"data":{"3 Chapters:":"Tum'at Tsara'at - Chapter 5, Tum'at Tsara'at - Chapter 6, Tum'at Tsara'at - Chapter 7","1 Chapter:":"Ishut - Chapter Three","Daily Mitzvah:":"Day 209: Positive Commandment 112","date":"Sunday, 17 Elul 5786 / August 30, 2026","jumashPortion":"Parshat Nitzavim-Vayelech, 1st Portion (Devarim (Deuteronomy) 29:9-29:28)","tehilimPortion":"Chapters 83-87","taniaPortion":"Tanya"}},{"day":1,"data":{"3 Chapters:":"Tum'at Tsara'at - Chapter 8, Tum'at Tsara'at - Chapter 9, Tum'at Tsara'at - Chapter 10","1 Chapter:":"Ishut - Chapter Four","Daily Mitzvah:":"Day 210: Positive Commandment 110","date":"Monday, 18 Elul 5786 / August 31, 2026","jumashPortion":"Parshat Nitzavim-Vayelech, 2nd Portion (Devarim (Deuteronomy) 30:1-30:6)","tehilimPortion":"Chapters 88-89","taniaPortion":"Tanya"}},{"day":2,"data":{"3 Chapters:":"Tum'at Tsara'at - Chapter 11, Tum'at Tsara'at - Chapter 12, Tum'at Tsara'at - Chapter 13","1 Chapter:":"Ishut - Chapter Five","Daily Mitzvah:":"Day 211: Positive Commandment 111","date":"Tuesday, 19 Elul 5786 / September 1, 2026","jumashPortion":"Parshat Nitzavim-Vayelech, 3rd Portion (Devarim (Deuteronomy) 30:7-30:14)","tehilimPortion":"Chapters 90-96","taniaPortion":"Tanya"}},{"day":3,"data":{"3 Chapters:":"Tum'at Tsara'at - Chapter 14, Tum'at Tsara'at - Chapter 15, Tum'at Tsara'at - Chapter 16","1 Chapter:":"Ishut - Chapter Six","Daily Mitzvah:":"Day 212: Positive Commandment 102, 103","date":"Wednesday, 20 Elul 5786 / September 2, 2026","jumashPortion":"Parshat Nitzavim-Vayelech, 4th Portion (Devarim (Deuteronomy) 30:15-31:6)","tehilimPortion":"Chapters 97-103","taniaPortion":"Tanya"}},{"day":4,"data":{"3 Chapters:":"Metamme'ey Mishkav uMoshav - Chapter 1, Metamme'ey Mishkav uMoshav - Chapter 2, Metamme'ey Mishkav uMoshav - Chapter 3","1 Chapter:":"Ishut - Chapter Seven","Daily Mitzvah:":"Day 213: Positive Commandment 99","date":"Thursday, 21 Elul 5786 / September 3, 2026","jumashPortion":"Parshat Nitzavim-Vayelech, 5th Portion (Devarim (Deuteronomy) 31:7-31:13)","tehilimPortion":"Chapters 104-105","taniaPortion":"Tanya"}},{"day":5,"data":{"3 Chapters:":"Metamme'ey Mishkav uMoshav - Chapter 4, Metamme'ey Mishkav uMoshav - Chapter 5, Metamme'ey Mishkav uMoshav - Chapter 6","1 Chapter:":"Ishut - Chapter Eight","Daily Mitzvah:":"Day 214: Positive Commandment 100","date":"Friday, 22 Elul 5786 / September 4, 2026","jumashPortion":"Parshat Nitzavim-Vayelech, 6th Portion (Devarim (Deuteronomy) 31:14-31:19)","tehilimPortion":"Chapters 106-107","taniaPortion":"Tanya"}},{"day":6,"data":{"3 Chapters:":"Metamme'ey Mishkav uMoshav - Chapter 7, Metamme'ey Mishkav uMoshav - Chapter 8, Metamme'ey Mishkav uMoshav - Chapter 9","1 Chapter:":"Ishut - Chapter Nine","Daily Mitzvah:":"Day 215: Positive Commandment 106","date":"Shabbat, 23 Elul 5786 / September 5, 2026","jumashPortion":"Parshat Nitzavim-Vayelech, 7th Portion (Devarim (Deuteronomy) 31:20-31:30)","tehilimPortion":"Chapters 108-112","taniaPortion":"Tanya"}}],"velas":[{"locationName":"argentina - buenos aires","time":{"shabbat: Elul 22, 5786 - Friday, September 4, 2026":{"Candle Lighting":"6:20 PM"},"shabbat: Elul 23, 5786 - Saturday, September 5, 2026":{"Shabbat Ends":"7:16 PM"},"holiday: Elul 29, 5786 - Friday, September 11, 2026":{"Candle Lighting":"6:25 PM"},"holiday: Tishrei 1, 5787 - Saturday, September 12, 2026":{"Candle Lighting after":"7:21 PM"},"holiday: Tishrei 2, 5787 - Sunday, September 13, 2026":{"Holiday Ends":"7:21 PM"}},"url":"https://www.chabad.org/webservices/Zmanim/CandleLighting/Load_CandleLightingWeeks?locationid=90&locationtype=1&save=1&tdate=8-30-2026"},{"locationName":"argentina - cordoba","time":{"shabbat: Elul 22, 5786 - Friday, September 4, 2026":{"Candle Lighting":"6:45 PM"},"shabbat: Elul 23, 5786 - Saturday, September 5, 2026":{"Shabbat Ends":"7:39 PM"},"holiday: Elul 29, 5786 - Friday, September 11, 2026":{"Candle Lighting":"6:49 PM"},"holiday: Tishrei 1, 5787 - Saturday, September 12, 2026":{"Candle Lighting after":"7:43 PM"},"holiday: Tishrei 2, 5787 - Sunday, September 13, 2026":{"Holiday Ends":"7:44 PM"}},"url":"https://www.chabad.org/webservices/Zmanim/CandleLighting/Load_CandleLightingWeeks?locationid=135&locationtype=1&save=1&tdate=8-30-2026"},{"locationName":"argentina - rosario","time":{"shabbat: Elul 22, 5786 - Friday, September 4, 2026":{"Candle Lighting":"6:29 PM"},"shabbat: Elul 23, 5786 - Saturday, September 5, 2026":{"Shabbat Ends":"7:25 PM"},"holiday: Elul 29, 5786 - Friday, September 11, 2026":{"Candle Lighting":"6:34 PM"},"holiday: Tishrei 1, 5787 - Saturday, September 12, 2026":{"Candle Lighting after":"7:29 PM"},"holiday: Tishrei 2, 5787 - Sunday, September 13, 2026":{"Holiday Ends":"7:30 PM"}},"url":"https://www.chabad.org/webservices/Zmanim/CandleLighting/Load_CandleLightingWeeks?locationid=746&locationtype=1&save=1&tdate=8-30-2026"},{"locationName":"argentina - tucuman","time":{"shabbat: Elul 22, 5786 - Friday, September 4, 2026":{"Candle Lighting":"6:51 PM"},"shabbat: Elul 23, 5786 - Saturday, September 5, 2026":{"Shabbat Ends":"7:44 PM"},"holiday: Elul 29, 5786 - Friday, September 11, 2026":{"Candle Lighting":"6:54 PM"},"holiday: Tishrei 1, 5787 - Saturday, September 12, 2026":{"Candle Lighting after":"7:47 PM"},"holiday: Tishrei 2, 5787 - Sunday, September 13, 2026":{"Holiday Ends":"7:48 PM"}},"url":"https://www.chabad.org/webservices/Zmanim/CandleLighting/Load_CandleLightingWeeks?locationid=837&locationtype=1&save=1&tdate=8-30-2026"},{"locationName":"chile - santiago","time":{"shabbat: Elul 22, 5786 - Friday, September 4, 2026":{"Candle Lighting":"6:09 PM"},"shabbat: Elul 23, 5786 - Saturday, September 5, 2026":{"Shabbat Ends":"7:05 PM"},"holiday: Elul 29, 5786 - Friday, September 11, 2026":{"Candle Lighting":"7:14 PM"},"holiday: Tishrei 1, 5787 - Saturday, September 12, 2026":{"Candle Lighting after":"8:09 PM"},"holiday: Tishrei 2, 5787 - Sunday, September 13, 2026":{"Holiday Ends":"8:10 PM"}},"url":"https://www.chabad.org/webservices/Zmanim/CandleLighting/Load_CandleLightingWeeks?locationid=482&locationtype=1&save=1&tdate=8-30-2026"},{"locationName":"colombia - bogota","time":{"shabbat: Elul 22, 5786 - Friday, September 4, 2026":{"Candle Lighting":"5:43 PM"},"shabbat: Elul 23, 5786 - Saturday, September 5, 2026":{"Shabbat Ends":"6:31 PM"},"holiday: Elul 29, 5786 - Friday, September 11, 2026":{"Candle Lighting":"5:40 PM"},"holiday: Tishrei 1, 5787 - Saturday, September 12, 2026":{"Candle Lighting after":"6:28 PM"},"holiday: Tishrei 2, 5787 - Sunday, September 13, 2026":{"Holiday Ends":"6:27 PM"}},"url":"https://www.chabad.org/webservices/Zmanim/CandleLighting/Load_CandleLightingWeeks?locationid=66&locationtype=1&save=1&tdate=8-30-2026"},{"locationName":"colombia - medellin","time":{"shabbat: Elul 22, 5786 - Friday, September 4, 2026":{"Candle Lighting":"5:50 PM"},"shabbat: Elul 23, 5786 - Saturday, September 5, 2026":{"Shabbat Ends":"6:38 PM"},"holiday: Elul 29, 5786 - Friday, September 11, 2026":{"Candle Lighting":"5:46 PM"},"holiday: Tishrei 1, 5787 - Saturday, September 12, 2026":{"Candle Lighting after":"6:34 PM"},"holiday: Tishrei 2, 5787 - Sunday, September 13, 2026":{"Holiday Ends":"6:34 PM"}},"url":"https://www.chabad.org/webservices/Zmanim/CandleLighting/Load_CandleLightingWeeks?locationid=326&locationtype=1&save=1&tdate=8-30-2026"},{"locationName":"costa rica - san jose","time":{"shabbat: Elul 22, 5786 - Friday, September 4, 2026":{"Candle Lighting":"5:25 PM"},"shabbat: Elul 23, 5786 - Saturday, September 5, 2026":{"Shabbat Ends":"6:14 PM"},"holiday: Elul 29, 5786 - Friday, September 11, 2026":{"Candle Lighting":"5:21 PM"},"holiday: Tishrei 1, 5787 - Saturday, September 12, 2026":{"Candle Lighting after":"6:10 PM"},"holiday: Tishrei 2, 5787 - Sunday, September 13, 2026":{"Holiday Ends":"6:09 PM"}},"url":"https://www.chabad.org/webservices/Zmanim/CandleLighting/Load_CandleLightingWeeks?locationid=621&locationtype=1&save=1&tdate=8-30-2026"},{"locationName":"españa - barcelona","time":{"shabbat: Elul 22, 5786 - Friday, September 4, 2026":{"Candle Lighting":"8:01 PM"},"shabbat: Elul 23, 5786 - Saturday, September 5, 2026":{"Shabbat Ends":"9:00 PM"},"holiday: Elul 29, 5786 - Friday, September 11, 2026":{"Candle Lighting":"7:50 PM"},"holiday: Tishrei 1, 5787 - Saturday, September 12, 2026":{"Candle Lighting after":"8:47 PM"},"holiday: Tishrei 2, 5787 - Sunday, September 13, 2026":{"Holiday Ends":"8:46 PM"}},"url":"https://www.chabad.org/webservices/Zmanim/CandleLighting/Load_CandleLightingWeeks?locationid=44&locationtype=1&save=1&tdate=8-30-2026"},{"locationName":"españa - madrid","time":{"shabbat: Elul 22, 5786 - Friday, September 4, 2026":{"Candle Lighting":"8:24 PM"},"shabbat: Elul 23, 5786 - Saturday, September 5, 2026":{"Shabbat Ends":"9:22 PM"},"holiday: Elul 29, 5786 - Friday, September 11, 2026":{"Candle Lighting":"8:12 PM"},"holiday: Tishrei 1, 5787 - Saturday, September 12, 2026":{"Candle Lighting after":"9:10 PM"},"holiday: Tishrei 2, 5787 - Sunday, September 13, 2026":{"Holiday Ends":"9:08 PM"}},"url":"https://www.chabad.org/webservices/Zmanim/CandleLighting/Load_CandleLightingWeeks?locationid=314&locationtype=1&save=1&tdate=8-30-2026"},{"locationName":"estados unidos - New York","time":{"shabbat: Elul 22, 5786 - Friday, September 4, 2026":{"Candle Lighting":"7:05 PM"},"shabbat: Elul 23, 5786 - Saturday, September 5, 2026":{"Shabbat Ends":"8:03 PM"},"holiday: Elul 29, 5786 - Friday, September 11, 2026":{"Candle Lighting":"6:53 PM"},"holiday: Tishrei 1, 5787 - Saturday, September 12, 2026":{"Candle Lighting after":"7:51 PM"},"holiday: Tishrei 2, 5787 - Sunday, September 13, 2026":{"Holiday Ends":"7:49 PM"}},"url":"https://www.chabad.org/webservices/Zmanim/CandleLighting/Load_CandleLightingWeeks?locationid=370&locationtype=1&save=1&tdate=8-30-2026"},{"locationName":"estados unidos - miami florida","time":{"shabbat: Elul 22, 5786 - Friday, September 4, 2026":{"Candle Lighting":"7:19 PM"},"shabbat: Elul 23, 5786 - Saturday, September 5, 2026":{"Shabbat Ends":"8:10 PM"},"holiday: Elul 29, 5786 - Friday, September 11, 2026":{"Candle Lighting":"7:11 PM"},"holiday: Tishrei 1, 5787 - Saturday, September 12, 2026":{"Candle Lighting after":"8:02 PM"},"holiday: Tishrei 2, 5787 - Sunday, September 13, 2026":{"Holiday Ends":"8:01 PM"}},"url":"https://www.chabad.org/webservices/Zmanim/CandleLighting/Load_CandleLightingWeeks?locationid=331&locationtype=1&save=1&tdate=8-30-2026"},{"locationName":"israel - raanana","time":{"shabbat: Elul 22, 5786 - Friday, September 4, 2026":{"Candle Lighting":"6:41 PM"},"shabbat: Elul 23, 5786 - Saturday, September 5, 2026":{"Shabbat Ends":"7:37 PM"},"holiday: Elul 29, 5786 - Friday, September 11, 2026":{"Candle Lighting":"6:32 PM"},"holiday: Tishrei 1, 5787 - Saturday, September 12, 2026":{"Candle Lighting after":"7:27 PM"},"holiday: Tishrei 2, 5787 - Sunday, September 13, 2026":{"Holiday Ends":"7:26 PM"}},"url":"https://www.chabad.org/webservices/Zmanim/CandleLighting/Load_CandleLightingWeeks?locationid=937&locationtype=1&save=1&tdate=8-30-2026"},{"locationName":"israel - ierushalaim","time":{"shabbat: Elul 22, 5786 - Friday, September 4, 2026":{"Candle Lighting":"6:20 PM"},"shabbat: Elul 23, 5786 - Saturday, September 5, 2026":{"Shabbat Ends":"7:35 PM"},"holiday: Elul 29, 5786 - Friday, September 11, 2026":{"Candle Lighting":"6:11 PM"},"holiday: Tishrei 1, 5787 - Saturday, September 12, 2026":{"Candle Lighting after":"7:26 PM"},"holiday: Tishrei 2, 5787 - Sunday, September 13, 2026":{"Holiday Ends":"7:24 PM"}},"url":"https://www.chabad.org/webservices/Zmanim/CandleLighting/Load_CandleLightingWeeks?locationid=247&locationtype=1&save=1&tdate=8-30-2026"},{"locationName":"israel - migdal haemek","time":{"shabbat: Elul 22, 5786 - Friday, September 4, 2026":{"Candle Lighting":"6:30 PM"},"shabbat: Elul 23, 5786 - Saturday, September 5, 2026":{"Shabbat Ends":"7:36 PM"},"holiday: Elul 29, 5786 - Friday, September 11, 2026":{"Candle Lighting":"6:21 PM"},"holiday: Tishrei 1, 5787 - Saturday, September 12, 2026":{"Candle Lighting after":"7:26 PM"},"holiday: Tishrei 2, 5787 - Sunday, September 13, 2026":{"Holiday Ends":"7:25 PM"}},"url":"https://www.chabad.org/webservices/Zmanim/CandleLighting/Load_CandleLightingWeeks?locationid=1470&locationtype=1&save=1&tdate=8-30-2026"},{"locationName":"mexico - mexico city","time":{"shabbat: Elul 22, 5786 - Friday, September 4, 2026":{"Candle Lighting":"6:31 PM"},"shabbat: Elul 23, 5786 - Saturday, September 5, 2026":{"Shabbat Ends":"7:21 PM"},"holiday: Elul 29, 5786 - Friday, September 11, 2026":{"Candle Lighting":"6:25 PM"},"holiday: Tishrei 1, 5787 - Saturday, September 12, 2026":{"Candle Lighting after":"7:14 PM"},"holiday: Tishrei 2, 5787 - Sunday, September 13, 2026":{"Holiday Ends":"7:13 PM"}},"url":"https://www.chabad.org/webservices/Zmanim/CandleLighting/Load_CandleLightingWeeks?locationid=330&locationtype=1&save=1&tdate=8-30-2026"},{"locationName":"panama - panama city","time":{"shabbat: Elul 22, 5786 - Friday, September 4, 2026":{"Candle Lighting":"6:07 PM"},"shabbat: Elul 23, 5786 - Saturday, September 5, 2026":{"Shabbat Ends":"6:56 PM"},"holiday: Elul 29, 5786 - Friday, September 11, 2026":{"Candle Lighting":"6:03 PM"},"holiday: Tishrei 1, 5787 - Saturday, September 12, 2026":{"Candle Lighting after":"6:51 PM"},"holiday: Tishrei 2, 5787 - Sunday, September 13, 2026":{"Holiday Ends":"6:51 PM"}},"url":"https://www.chabad.org/webservices/Zmanim/CandleLighting/Load_CandleLightingWeeks?locationid=392&locationtype=1&save=1&tdate=8-30-2026"},{"locationName":"peru - lima","time":{"shabbat: Elul 22, 5786 - Friday, September 4, 2026":{"Candle Lighting":"5:47 PM"},"shabbat: Elul 23, 5786 - Saturday, September 5, 2026":{"Shabbat Ends":"6:36 PM"},"holiday: Elul 29, 5786 - Friday, September 11, 2026":{"Candle Lighting":"5:46 PM"},"holiday: Tishrei 1, 5787 - Saturday, September 12, 2026":{"Candle Lighting after":"6:36 PM"},"holiday: Tishrei 2, 5787 - Sunday, September 13, 2026":{"Holiday Ends":"6:36 PM"}},"url":"https://www.chabad.org/webservices/Zmanim/CandleLighting/Load_CandleLightingWeeks?locationid=295&locationtype=1&save=1&tdate=8-30-2026"},{"locationName":"uruguay - montevideo","time":{"shabbat: Elul 22, 5786 - Friday, September 4, 2026":{"Candle Lighting":"6:10 PM"},"shabbat: Elul 23, 5786 - Saturday, September 5, 2026":{"Shabbat Ends":"7:07 PM"},"holiday: Elul 29, 5786 - Friday, September 11, 2026":{"Candle Lighting":"6:15 PM"},"holiday: Tishrei 1, 5787 - Saturday, September 12, 2026":{"Candle Lighting after":"7:11 PM"},"holiday: Tishrei 2, 5787 - Sunday, September 13, 2026":{"Holiday Ends":"7:12 PM"}},"url":"https://www.chabad.org/webservices/Zmanim/CandleLighting/Load_CandleLightingWeeks?locationid=342&locationtype=1&save=1&tdate=8-30-2026"},{"locationName":"venezuela - caracas","time":{"shabbat: Elul 22, 5786 - Friday, September 4, 2026":{"Candle Lighting":"6:17 PM"},"shabbat: Elul 23, 5786 - Saturday, September 5, 2026":{"Shabbat Ends":"7:06 PM"},"holiday: Elul 29, 5786 - Friday, September 11, 2026":{"Candle Lighting":"6:13 PM"},"holiday: Tishrei 1, 5787 - Saturday, September 12, 2026":{"Candle Lighting after":"7:01 PM"},"holiday: Tishrei 2, 5787 - Sunday, September 13, 2026":{"Holiday Ends":"7:01 PM"}},"url":"https://www.chabad.org/webservices/Zmanim/CandleLighting/Load_CandleLightingWeeks?locationid=105&locationtype=1&save=1&tdate=8-30-2026"}]}