{"parasha":"Rosh Hashanah - Ha'azinu","study":[{"day":0,"data":{"3 Chapters:":"She'ar Avot haTum'ah - Chapter 18, She'ar Avot haTum'ah - Chapter 19, She'ar Avot haTum'ah - Chapter 20","1 Chapter:":"Ishut - Chapter Seventeen","Daily Mitzvah:":"Day 223: Positive Commandment 105","date":"Sunday, 2 Tishrei 5787 / September 13, 2026","jumashPortion":"Parshat Ha'azinu, 1st Portion (Devarim (Deuteronomy) 32:1-32:6)","tehilimPortion":"Chapters 10-17","taniaPortion":"Tanya"}},{"day":1,"data":{"3 Chapters:":"Tum'at Okhalin - Chapter 1, Tum'at Okhalin - Chapter 2, Tum'at Okhalin - Chapter 3","1 Chapter:":"Ishut - Chapter Eighteen","Daily Mitzvah:":"Day 224: Positive Commandment 98","date":"Monday, 3 Tishrei 5787 / September 14, 2026","jumashPortion":"Parshat Ha'azinu, 2nd Portion (Devarim (Deuteronomy) 32:7-32:12)","tehilimPortion":"Chapters 18-22","taniaPortion":"Tanya"}},{"day":2,"data":{"3 Chapters:":"Tum'at Okhalin - Chapter 4, Tum'at Okhalin - Chapter 5, Tum'at Okhalin - Chapter 6","1 Chapter:":"Ishut - Chapter Nineteen","Daily Mitzvah:":"Day 225: Positive Commandment 98","date":"Tuesday, 4 Tishrei 5787 / September 15, 2026","jumashPortion":"Parshat Ha'azinu, 3rd Portion (Devarim (Deuteronomy) 32:13-32:18)","tehilimPortion":"Chapters 23-28","taniaPortion":"Tanya"}},{"day":3,"data":{"3 Chapters:":"Tum'at Okhalin - Chapter 7, Tum'at Okhalin - Chapter 8, Tum'at Okhalin - Chapter 9","1 Chapter:":"Ishut - Chapter Twenty","Daily Mitzvah:":"Day 226: Positive Commandment 98","date":"Wednesday, 5 Tishrei 5787 / September 16, 2026","jumashPortion":"Parshat Ha'azinu, 4th Portion (Devarim (Deuteronomy) 32:19-32:28)","tehilimPortion":"Chapters 29-34","taniaPortion":"Tanya"}},{"day":4,"data":{"3 Chapters:":"Tum'at Okhalin - Chapter 10, Tum'at Okhalin - Chapter 11, Tum'at Okhalin - Chapter 12","1 Chapter:":"Ishut - Chapter Twenty One","Daily Mitzvah:":"Day 227: Positive Commandment 98","date":"Thursday, 6 Tishrei 5787 / September 17, 2026","jumashPortion":"Parshat Ha'azinu, 5th Portion (Devarim (Deuteronomy) 32:29-32:39)","tehilimPortion":"Chapters 35-38","taniaPortion":"Tanya"}},{"day":5,"data":{"3 Chapters:":"Tum'at Okhalin - Chapter 13, Tum'at Okhalin - Chapter 14, Tum'at Okhalin - Chapter 15","1 Chapter:":"Ishut - Chapter Twenty Two","Daily Mitzvah:":"Day 228: Positive Commandment 98","date":"Friday, 7 Tishrei 5787 / September 18, 2026","jumashPortion":"Parshat Ha'azinu, 6th Portion (Devarim (Deuteronomy) 32:40-32:43)","tehilimPortion":"Chapters 39-43","taniaPortion":"Tanya"}},{"day":6,"data":{"3 Chapters:":"Tum'at Okhalin - Chapter 16, Kelim - Chapter 1, Kelim - Chapter 2","1 Chapter:":"Ishut - Chapter Twenty Three","Daily Mitzvah:":"Day 229: Positive Commandment 98","date":"Shabbat, 8 Tishrei 5787 / September 19, 2026","jumashPortion":"Parshat Ha'azinu, 7th Portion (Devarim (Deuteronomy) 32:44-32:52)","tehilimPortion":"Chapters 44-48","taniaPortion":"Tanya"}}],"velas":[{"locationName":"argentina - buenos aires","time":{"holiday: Elul 29, 5786 - Friday, September 11, 2026":{"Candle Lighting":"6:25 PM"},"holiday: Tishrei 1, 5787 - Saturday, September 12, 2026":{"Candle Lighting after":"7:21 PM"},"holiday: Tishrei 2, 5787 - Sunday, September 13, 2026":{"Holiday Ends":"7:21 PM"},"shabbat: Tishrei 7, 5787 - Friday, September 18, 2026":{"Candle Lighting":"6:29 PM"},"shabbat: Tishrei 8, 5787 - Saturday, September 19, 2026":{"Shabbat Ends":"7:25 PM"},"holiday: Tishrei 9, 5787 - Sunday, September 20, 2026":{"Candle Lighting | Fast Begins":"6:31 PM"},"holiday: Tishrei 10, 5787 - Monday, September 21, 2026":{"Holiday/Fast Ends":"7:27 PM"}},"url":"https://www.chabad.org/webservices/Zmanim/CandleLighting/Load_CandleLightingWeeks?locationid=90&locationtype=1&save=1&tdate=9-13-2026"},{"locationName":"argentina - cordoba","time":{"holiday: Elul 29, 5786 - Friday, September 11, 2026":{"Candle Lighting":"6:49 PM"},"holiday: Tishrei 1, 5787 - Saturday, September 12, 2026":{"Candle Lighting after":"7:43 PM"},"holiday: Tishrei 2, 5787 - Sunday, September 13, 2026":{"Holiday Ends":"7:44 PM"},"shabbat: Tishrei 7, 5787 - Friday, September 18, 2026":{"Candle Lighting":"6:53 PM"},"shabbat: Tishrei 8, 5787 - Saturday, September 19, 2026":{"Shabbat Ends":"7:47 PM"},"holiday: Tishrei 9, 5787 - Sunday, September 20, 2026":{"Candle Lighting | Fast Begins":"6:54 PM"},"holiday: Tishrei 10, 5787 - Monday, September 21, 2026":{"Holiday/Fast Ends":"7:48 PM"}},"url":"https://www.chabad.org/webservices/Zmanim/CandleLighting/Load_CandleLightingWeeks?locationid=135&locationtype=1&save=1&tdate=9-13-2026"},{"locationName":"argentina - rosario","time":{"holiday: Elul 29, 5786 - Friday, September 11, 2026":{"Candle Lighting":"6:34 PM"},"holiday: Tishrei 1, 5787 - Saturday, September 12, 2026":{"Candle Lighting after":"7:29 PM"},"holiday: Tishrei 2, 5787 - Sunday, September 13, 2026":{"Holiday Ends":"7:30 PM"},"shabbat: Tishrei 7, 5787 - Friday, September 18, 2026":{"Candle Lighting":"6:38 PM"},"shabbat: Tishrei 8, 5787 - Saturday, September 19, 2026":{"Shabbat Ends":"7:34 PM"},"holiday: Tishrei 9, 5787 - Sunday, September 20, 2026":{"Candle Lighting | Fast Begins":"6:40 PM"},"holiday: Tishrei 10, 5787 - Monday, September 21, 2026":{"Holiday/Fast Ends":"7:35 PM"}},"url":"https://www.chabad.org/webservices/Zmanim/CandleLighting/Load_CandleLightingWeeks?locationid=746&locationtype=1&save=1&tdate=9-13-2026"},{"locationName":"argentina - tucuman","time":{"holiday: Elul 29, 5786 - Friday, September 11, 2026":{"Candle Lighting":"6:54 PM"},"holiday: Tishrei 1, 5787 - Saturday, September 12, 2026":{"Candle Lighting after":"7:47 PM"},"holiday: Tishrei 2, 5787 - Sunday, September 13, 2026":{"Holiday Ends":"7:48 PM"},"shabbat: Tishrei 7, 5787 - Friday, September 18, 2026":{"Candle Lighting":"6:57 PM"},"shabbat: Tishrei 8, 5787 - Saturday, September 19, 2026":{"Shabbat Ends":"7:50 PM"},"holiday: Tishrei 9, 5787 - Sunday, September 20, 2026":{"Candle Lighting | Fast Begins":"6:58 PM"},"holiday: Tishrei 10, 5787 - Monday, September 21, 2026":{"Holiday/Fast Ends":"7:51 PM"}},"url":"https://www.chabad.org/webservices/Zmanim/CandleLighting/Load_CandleLightingWeeks?locationid=837&locationtype=1&save=1&tdate=9-13-2026"},{"locationName":"chile - santiago","time":{"holiday: Elul 29, 5786 - Friday, September 11, 2026":{"Candle Lighting":"7:14 PM"},"holiday: Tishrei 1, 5787 - Saturday, September 12, 2026":{"Candle Lighting after":"8:09 PM"},"holiday: Tishrei 2, 5787 - Sunday, September 13, 2026":{"Holiday Ends":"8:10 PM"},"shabbat: Tishrei 7, 5787 - Friday, September 18, 2026":{"Candle Lighting":"7:18 PM"},"shabbat: Tishrei 8, 5787 - Saturday, September 19, 2026":{"Shabbat Ends":"8:14 PM"},"holiday: Tishrei 9, 5787 - Sunday, September 20, 2026":{"Candle Lighting | Fast Begins":"7:20 PM"},"holiday: Tishrei 10, 5787 - Monday, September 21, 2026":{"Holiday/Fast Ends":"8:15 PM"}},"url":"https://www.chabad.org/webservices/Zmanim/CandleLighting/Load_CandleLightingWeeks?locationid=482&locationtype=1&save=1&tdate=9-13-2026"},{"locationName":"colombia - bogota","time":{"holiday: Elul 29, 5786 - Friday, September 11, 2026":{"Candle Lighting":"5:40 PM"},"holiday: Tishrei 1, 5787 - Saturday, September 12, 2026":{"Candle Lighting after":"6:28 PM"},"holiday: Tishrei 2, 5787 - Sunday, September 13, 2026":{"Holiday Ends":"6:27 PM"},"shabbat: Tishrei 7, 5787 - Friday, September 18, 2026":{"Candle Lighting":"5:36 PM"},"shabbat: Tishrei 8, 5787 - Saturday, September 19, 2026":{"Shabbat Ends":"6:24 PM"},"holiday: Tishrei 9, 5787 - Sunday, September 20, 2026":{"Candle Lighting | Fast Begins":"5:35 PM"},"holiday: Tishrei 10, 5787 - Monday, September 21, 2026":{"Holiday/Fast Ends":"6:24 PM"}},"url":"https://www.chabad.org/webservices/Zmanim/CandleLighting/Load_CandleLightingWeeks?locationid=66&locationtype=1&save=1&tdate=9-13-2026"},{"locationName":"colombia - medellin","time":{"holiday: Elul 29, 5786 - Friday, September 11, 2026":{"Candle Lighting":"5:46 PM"},"holiday: Tishrei 1, 5787 - Saturday, September 12, 2026":{"Candle Lighting after":"6:34 PM"},"holiday: Tishrei 2, 5787 - Sunday, September 13, 2026":{"Holiday Ends":"6:34 PM"},"shabbat: Tishrei 7, 5787 - Friday, September 18, 2026":{"Candle Lighting":"5:42 PM"},"shabbat: Tishrei 8, 5787 - Saturday, September 19, 2026":{"Shabbat Ends":"6:31 PM"},"holiday: Tishrei 9, 5787 - Sunday, September 20, 2026":{"Candle Lighting | Fast Begins":"5:41 PM"},"holiday: Tishrei 10, 5787 - Monday, September 21, 2026":{"Holiday/Fast Ends":"6:30 PM"}},"url":"https://www.chabad.org/webservices/Zmanim/CandleLighting/Load_CandleLightingWeeks?locationid=326&locationtype=1&save=1&tdate=9-13-2026"},{"locationName":"costa rica - san jose","time":{"holiday: Elul 29, 5786 - Friday, September 11, 2026":{"Candle Lighting":"5:21 PM"},"holiday: Tishrei 1, 5787 - Saturday, September 12, 2026":{"Candle Lighting after":"6:10 PM"},"holiday: Tishrei 2, 5787 - Sunday, September 13, 2026":{"Holiday Ends":"6:09 PM"},"shabbat: Tishrei 7, 5787 - Friday, September 18, 2026":{"Candle Lighting":"5:17 PM"},"shabbat: Tishrei 8, 5787 - Saturday, September 19, 2026":{"Shabbat Ends":"6:05 PM"},"holiday: Tishrei 9, 5787 - Sunday, September 20, 2026":{"Candle Lighting | Fast Begins":"5:15 PM"},"holiday: Tishrei 10, 5787 - Monday, September 21, 2026":{"Holiday/Fast Ends":"6:04 PM"}},"url":"https://www.chabad.org/webservices/Zmanim/CandleLighting/Load_CandleLightingWeeks?locationid=621&locationtype=1&save=1&tdate=9-13-2026"},{"locationName":"españa - barcelona","time":{"holiday: Elul 29, 5786 - Friday, September 11, 2026":{"Candle Lighting":"7:50 PM"},"holiday: Tishrei 1, 5787 - Saturday, September 12, 2026":{"Candle Lighting after":"8:47 PM"},"holiday: Tishrei 2, 5787 - Sunday, September 13, 2026":{"Holiday Ends":"8:46 PM"},"shabbat: Tishrei 7, 5787 - Friday, September 18, 2026":{"Candle Lighting":"7:38 PM"},"shabbat: Tishrei 8, 5787 - Saturday, September 19, 2026":{"Shabbat Ends":"8:35 PM"},"holiday: Tishrei 9, 5787 - Sunday, September 20, 2026":{"Candle Lighting | Fast Begins":"7:34 PM"},"holiday: Tishrei 10, 5787 - Monday, September 21, 2026":{"Holiday/Fast Ends":"8:31 PM"}},"url":"https://www.chabad.org/webservices/Zmanim/CandleLighting/Load_CandleLightingWeeks?locationid=44&locationtype=1&save=1&tdate=9-13-2026"},{"locationName":"españa - madrid","time":{"holiday: Elul 29, 5786 - Friday, September 11, 2026":{"Candle Lighting":"8:12 PM"},"holiday: Tishrei 1, 5787 - Saturday, September 12, 2026":{"Candle Lighting after":"9:10 PM"},"holiday: Tishrei 2, 5787 - Sunday, September 13, 2026":{"Holiday Ends":"9:08 PM"},"shabbat: Tishrei 7, 5787 - Friday, September 18, 2026":{"Candle Lighting":"8:01 PM"},"shabbat: Tishrei 8, 5787 - Saturday, September 19, 2026":{"Shabbat Ends":"8:58 PM"},"holiday: Tishrei 9, 5787 - Sunday, September 20, 2026":{"Candle Lighting | Fast Begins":"7:57 PM"},"holiday: Tishrei 10, 5787 - Monday, September 21, 2026":{"Holiday/Fast Ends":"8:54 PM"}},"url":"https://www.chabad.org/webservices/Zmanim/CandleLighting/Load_CandleLightingWeeks?locationid=314&locationtype=1&save=1&tdate=9-13-2026"},{"locationName":"estados unidos - New York","time":{"holiday: Elul 29, 5786 - Friday, September 11, 2026":{"Candle Lighting":"6:53 PM"},"holiday: Tishrei 1, 5787 - Saturday, September 12, 2026":{"Candle Lighting after":"7:51 PM"},"holiday: Tishrei 2, 5787 - Sunday, September 13, 2026":{"Holiday Ends":"7:49 PM"},"shabbat: Tishrei 7, 5787 - Friday, September 18, 2026":{"Candle Lighting":"6:42 PM"},"shabbat: Tishrei 8, 5787 - Saturday, September 19, 2026":{"Shabbat Ends":"7:39 PM"},"holiday: Tishrei 9, 5787 - Sunday, September 20, 2026":{"Candle Lighting | Fast Begins":"6:38 PM"},"holiday: Tishrei 10, 5787 - Monday, September 21, 2026":{"Holiday/Fast Ends":"7:35 PM"}},"url":"https://www.chabad.org/webservices/Zmanim/CandleLighting/Load_CandleLightingWeeks?locationid=370&locationtype=1&save=1&tdate=9-13-2026"},{"locationName":"estados unidos - miami florida","time":{"holiday: Elul 29, 5786 - Friday, September 11, 2026":{"Candle Lighting":"7:11 PM"},"holiday: Tishrei 1, 5787 - Saturday, September 12, 2026":{"Candle Lighting after":"8:02 PM"},"holiday: Tishrei 2, 5787 - Sunday, September 13, 2026":{"Holiday Ends":"8:01 PM"},"shabbat: Tishrei 7, 5787 - Friday, September 18, 2026":{"Candle Lighting":"7:03 PM"},"shabbat: Tishrei 8, 5787 - Saturday, September 19, 2026":{"Shabbat Ends":"7:54 PM"},"holiday: Tishrei 9, 5787 - Sunday, September 20, 2026":{"Candle Lighting | Fast Begins":"7:01 PM"},"holiday: Tishrei 10, 5787 - Monday, September 21, 2026":{"Holiday/Fast Ends":"7:52 PM"}},"url":"https://www.chabad.org/webservices/Zmanim/CandleLighting/Load_CandleLightingWeeks?locationid=331&locationtype=1&save=1&tdate=9-13-2026"},{"locationName":"israel - raanana","time":{"holiday: Elul 29, 5786 - Friday, September 11, 2026":{"Candle Lighting":"6:32 PM"},"holiday: Tishrei 1, 5787 - Saturday, September 12, 2026":{"Candle Lighting after":"7:27 PM"},"holiday: Tishrei 2, 5787 - Sunday, September 13, 2026":{"Holiday Ends":"7:26 PM"},"shabbat: Tishrei 7, 5787 - Friday, September 18, 2026":{"Candle Lighting":"6:23 PM"},"shabbat: Tishrei 8, 5787 - Saturday, September 19, 2026":{"Shabbat Ends":"7:18 PM"},"holiday: Tishrei 9, 5787 - Sunday, September 20, 2026":{"Candle Lighting | Fast Begins":"6:20 PM"},"holiday: Tishrei 10, 5787 - Monday, September 21, 2026":{"Holiday/Fast Ends":"7:15 PM"}},"url":"https://www.chabad.org/webservices/Zmanim/CandleLighting/Load_CandleLightingWeeks?locationid=937&locationtype=1&save=1&tdate=9-13-2026"},{"locationName":"israel - ierushalaim","time":{"holiday: Elul 29, 5786 - Friday, September 11, 2026":{"Candle Lighting":"6:11 PM"},"holiday: Tishrei 1, 5787 - Saturday, September 12, 2026":{"Candle Lighting after":"7:26 PM"},"holiday: Tishrei 2, 5787 - Sunday, September 13, 2026":{"Holiday Ends":"7:24 PM"},"shabbat: Tishrei 7, 5787 - Friday, September 18, 2026":{"Candle Lighting":"6:01 PM"},"shabbat: Tishrei 8, 5787 - Saturday, September 19, 2026":{"Shabbat Ends":"7:16 PM"},"holiday: Tishrei 9, 5787 - Sunday, September 20, 2026":{"Candle Lighting | Fast Begins":"5:59 PM"},"holiday: Tishrei 10, 5787 - Monday, September 21, 2026":{"Holiday/Fast Ends":"7:14 PM"}},"url":"https://www.chabad.org/webservices/Zmanim/CandleLighting/Load_CandleLightingWeeks?locationid=247&locationtype=1&save=1&tdate=9-13-2026"},{"locationName":"israel - migdal haemek","time":{"holiday: Elul 29, 5786 - Friday, September 11, 2026":{"Candle Lighting":"6:21 PM"},"holiday: Tishrei 1, 5787 - Saturday, September 12, 2026":{"Candle Lighting after":"7:26 PM"},"holiday: Tishrei 2, 5787 - Sunday, September 13, 2026":{"Holiday Ends":"7:25 PM"},"shabbat: Tishrei 7, 5787 - Friday, September 18, 2026":{"Candle Lighting":"6:11 PM"},"shabbat: Tishrei 8, 5787 - Saturday, September 19, 2026":{"Shabbat Ends":"7:17 PM"},"holiday: Tishrei 9, 5787 - Sunday, September 20, 2026":{"Candle Lighting | Fast Begins":"6:09 PM"},"holiday: Tishrei 10, 5787 - Monday, September 21, 2026":{"Holiday/Fast Ends":"7:14 PM"}},"url":"https://www.chabad.org/webservices/Zmanim/CandleLighting/Load_CandleLightingWeeks?locationid=1470&locationtype=1&save=1&tdate=9-13-2026"},{"locationName":"mexico - mexico city","time":{"holiday: Elul 29, 5786 - Friday, September 11, 2026":{"Candle Lighting":"6:25 PM"},"holiday: Tishrei 1, 5787 - Saturday, September 12, 2026":{"Candle Lighting after":"7:14 PM"},"holiday: Tishrei 2, 5787 - Sunday, September 13, 2026":{"Holiday Ends":"7:13 PM"},"shabbat: Tishrei 7, 5787 - Friday, September 18, 2026":{"Candle Lighting":"6:18 PM"},"shabbat: Tishrei 8, 5787 - Saturday, September 19, 2026":{"Shabbat Ends":"7:08 PM"},"holiday: Tishrei 9, 5787 - Sunday, September 20, 2026":{"Candle Lighting | Fast Begins":"6:16 PM"},"holiday: Tishrei 10, 5787 - Monday, September 21, 2026":{"Holiday/Fast Ends":"7:06 PM"}},"url":"https://www.chabad.org/webservices/Zmanim/CandleLighting/Load_CandleLightingWeeks?locationid=330&locationtype=1&save=1&tdate=9-13-2026"},{"locationName":"panama - panama city","time":{"holiday: Elul 29, 5786 - Friday, September 11, 2026":{"Candle Lighting":"6:03 PM"},"holiday: Tishrei 1, 5787 - Saturday, September 12, 2026":{"Candle Lighting after":"6:51 PM"},"holiday: Tishrei 2, 5787 - Sunday, September 13, 2026":{"Holiday Ends":"6:51 PM"},"shabbat: Tishrei 7, 5787 - Friday, September 18, 2026":{"Candle Lighting":"5:58 PM"},"shabbat: Tishrei 8, 5787 - Saturday, September 19, 2026":{"Shabbat Ends":"6:47 PM"},"holiday: Tishrei 9, 5787 - Sunday, September 20, 2026":{"Candle Lighting | Fast Begins":"5:57 PM"},"holiday: Tishrei 10, 5787 - Monday, September 21, 2026":{"Holiday/Fast Ends":"6:46 PM"}},"url":"https://www.chabad.org/webservices/Zmanim/CandleLighting/Load_CandleLightingWeeks?locationid=392&locationtype=1&save=1&tdate=9-13-2026"},{"locationName":"peru - lima","time":{"holiday: Elul 29, 5786 - Friday, September 11, 2026":{"Candle Lighting":"5:46 PM"},"holiday: Tishrei 1, 5787 - Saturday, September 12, 2026":{"Candle Lighting after":"6:36 PM"},"holiday: Tishrei 2, 5787 - Sunday, September 13, 2026":{"Holiday Ends":"6:36 PM"},"shabbat: Tishrei 7, 5787 - Friday, September 18, 2026":{"Candle Lighting":"5:46 PM"},"shabbat: Tishrei 8, 5787 - Saturday, September 19, 2026":{"Shabbat Ends":"6:36 PM"},"holiday: Tishrei 9, 5787 - Sunday, September 20, 2026":{"Candle Lighting | Fast Begins":"5:46 PM"},"holiday: Tishrei 10, 5787 - Monday, September 21, 2026":{"Holiday/Fast Ends":"6:36 PM"}},"url":"https://www.chabad.org/webservices/Zmanim/CandleLighting/Load_CandleLightingWeeks?locationid=295&locationtype=1&save=1&tdate=9-13-2026"},{"locationName":"uruguay - montevideo","time":{"holiday: Elul 29, 5786 - Friday, September 11, 2026":{"Candle Lighting":"6:15 PM"},"holiday: Tishrei 1, 5787 - Saturday, September 12, 2026":{"Candle Lighting after":"7:11 PM"},"holiday: Tishrei 2, 5787 - Sunday, September 13, 2026":{"Holiday Ends":"7:12 PM"},"shabbat: Tishrei 7, 5787 - Friday, September 18, 2026":{"Candle Lighting":"6:20 PM"},"shabbat: Tishrei 8, 5787 - Saturday, September 19, 2026":{"Shabbat Ends":"7:16 PM"},"holiday: Tishrei 9, 5787 - Sunday, September 20, 2026":{"Candle Lighting | Fast Begins":"6:22 PM"},"holiday: Tishrei 10, 5787 - Monday, September 21, 2026":{"Holiday/Fast Ends":"7:18 PM"}},"url":"https://www.chabad.org/webservices/Zmanim/CandleLighting/Load_CandleLightingWeeks?locationid=342&locationtype=1&save=1&tdate=9-13-2026"},{"locationName":"venezuela - caracas","time":{"holiday: Elul 29, 5786 - Friday, September 11, 2026":{"Candle Lighting":"6:13 PM"},"holiday: Tishrei 1, 5787 - Saturday, September 12, 2026":{"Candle Lighting after":"7:01 PM"},"holiday: Tishrei 2, 5787 - Sunday, September 13, 2026":{"Holiday Ends":"7:01 PM"},"shabbat: Tishrei 7, 5787 - Friday, September 18, 2026":{"Candle Lighting":"6:08 PM"},"shabbat: Tishrei 8, 5787 - Saturday, September 19, 2026":{"Shabbat Ends":"6:57 PM"},"holiday: Tishrei 9, 5787 - Sunday, September 20, 2026":{"Candle Lighting | Fast Begins":"6:07 PM"},"holiday: Tishrei 10, 5787 - Monday, September 21, 2026":{"Holiday/Fast Ends":"6:55 PM"}},"url":"https://www.chabad.org/webservices/Zmanim/CandleLighting/Load_CandleLightingWeeks?locationid=105&locationtype=1&save=1&tdate=9-13-2026"}]}