{"parasha":"Yom Kippur - Vezot Hab'rachah","study":[{"day":0,"data":{"3 Chapters:":"Kelim - Chapter 3, Kelim - Chapter 4, Kelim - Chapter 5","1 Chapter:":"Ishut - Chapter Twenty Four","Daily Mitzvah:":"Day 230: Positive Commandment 107","date":"Sunday, 9 Tishrei 5787 / September 20, 2026","jumashPortion":"Parshat Vezot Hab'rachah, 1st Portion (Devarim (Deuteronomy) 33:1-33:7)","tehilimPortion":"Chapters 49-54","taniaPortion":"Tanya"}},{"day":1,"data":{"3 Chapters:":"Kelim - Chapter 6, Kelim - Chapter 7, Kelim - Chapter 8","1 Chapter:":"Ishut - Chapter Twenty Five","Daily Mitzvah:":"Day 231: Positive Commandment 108","date":"Monday, 10 Tishrei 5787 / September 21, 2026","jumashPortion":"Parshat Vezot Hab'rachah, 2nd Portion (Devarim (Deuteronomy) 33:8-33:12)","tehilimPortion":"Chapters 55-59","taniaPortion":"Tanya"}},{"day":2,"data":{"3 Chapters:":"Kelim - Chapter 9, Kelim - Chapter 10, Kelim - Chapter 11","1 Chapter:":"Gerushin - Chapter One","Daily Mitzvah:":"Day 232: Positive Commandment 101","date":"Tuesday, 11 Tishrei 5787 / September 22, 2026","jumashPortion":"Parshat Vezot Hab'rachah, 3rd Portion (Devarim (Deuteronomy) 33:13-33:17)","tehilimPortion":"Chapters 60-65","taniaPortion":"Tanya"}},{"day":3,"data":{"3 Chapters:":"Kelim - Chapter 12, Kelim - Chapter 13, Kelim - Chapter 14","1 Chapter:":"Gerushin - Chapter Two","Daily Mitzvah:":"Day 233: Positive Commandment 99","date":"Wednesday, 12 Tishrei 5787 / September 23, 2026","jumashPortion":"Parshat Vezot Hab'rachah, 4th Portion (Devarim (Deuteronomy) 33:18-33:21)","tehilimPortion":"Chapters 66-68","taniaPortion":"Tanya"}},{"day":4,"data":{"3 Chapters:":"Kelim - Chapter 15, Kelim - Chapter 16, Kelim - Chapter 17","1 Chapter:":"Gerushin - Chapter Three","Daily Mitzvah:":"Day 234: Positive Commandment 100","date":"Thursday, 13 Tishrei 5787 / September 24, 2026","jumashPortion":"Parshat Vezot Hab'rachah, 5th Portion (Devarim (Deuteronomy) 33:22-33:26)","tehilimPortion":"Chapters 69-71","taniaPortion":"Tanya"}},{"day":5,"data":{"3 Chapters:":"Kelim - Chapter 18, Kelim - Chapter 19, Kelim - Chapter 20","1 Chapter:":"Gerushin - Chapter Four","Daily Mitzvah:":"Day 235: Positive Commandment 106","date":"Friday, 14 Tishrei 5787 / September 25, 2026","jumashPortion":"Parshat Vezot Hab'rachah, 6th Portion (Devarim (Deuteronomy) 33:27-33:29)","tehilimPortion":"Chapters 72-76","taniaPortion":"Tanya"}},{"day":6,"data":{"3 Chapters:":"Kelim - Chapter 21, Kelim - Chapter 22, Kelim - Chapter 23","1 Chapter:":"Gerushin - Chapter Five","Daily Mitzvah:":"Day 236: Positive Commandment 104","date":"Shabbat, 15 Tishrei 5787 / September 26, 2026","jumashPortion":"Parshat Vezot Hab'rachah, 7th Portion (Devarim (Deuteronomy) 34:1-34:12)","tehilimPortion":"Chapters 77-78","taniaPortion":"Tanya"}}],"velas":[{"locationName":"argentina - buenos aires","time":{"holiday: Tishrei 9, 5787 - Sunday, September 20, 2026":{"Candle Lighting | Fast Begins":"6:31 PM"},"holiday: Tishrei 10, 5787 - Monday, September 21, 2026":{"Holiday/Fast Ends":"7:27 PM"},"holiday: Tishrei 14, 5787 - Friday, September 25, 2026":{"Candle Lighting":"6:35 PM"},"holiday: Tishrei 15, 5787 - Saturday, September 26, 2026":{"Candle Lighting after":"7:31 PM"},"holiday: Tishrei 16, 5787 - Sunday, September 27, 2026":{"Holiday Ends":"7:31 PM"}},"url":"https://www.chabad.org/webservices/Zmanim/CandleLighting/Load_CandleLightingWeeks?locationid=90&locationtype=1&save=1&tdate=9-20-2026"},{"locationName":"argentina - cordoba","time":{"holiday: Tishrei 9, 5787 - Sunday, September 20, 2026":{"Candle Lighting | Fast Begins":"6:54 PM"},"holiday: Tishrei 10, 5787 - Monday, September 21, 2026":{"Holiday/Fast Ends":"7:48 PM"},"holiday: Tishrei 14, 5787 - Friday, September 25, 2026":{"Candle Lighting":"6:57 PM"},"holiday: Tishrei 15, 5787 - Saturday, September 26, 2026":{"Candle Lighting after":"7:52 PM"},"holiday: Tishrei 16, 5787 - Sunday, September 27, 2026":{"Holiday Ends":"7:52 PM"}},"url":"https://www.chabad.org/webservices/Zmanim/CandleLighting/Load_CandleLightingWeeks?locationid=135&locationtype=1&save=1&tdate=9-20-2026"},{"locationName":"argentina - rosario","time":{"holiday: Tishrei 9, 5787 - Sunday, September 20, 2026":{"Candle Lighting | Fast Begins":"6:40 PM"},"holiday: Tishrei 10, 5787 - Monday, September 21, 2026":{"Holiday/Fast Ends":"7:35 PM"},"holiday: Tishrei 14, 5787 - Friday, September 25, 2026":{"Candle Lighting":"6:43 PM"},"holiday: Tishrei 15, 5787 - Saturday, September 26, 2026":{"Candle Lighting after":"7:38 PM"},"holiday: Tishrei 16, 5787 - Sunday, September 27, 2026":{"Holiday Ends":"7:39 PM"}},"url":"https://www.chabad.org/webservices/Zmanim/CandleLighting/Load_CandleLightingWeeks?locationid=746&locationtype=1&save=1&tdate=9-20-2026"},{"locationName":"argentina - tucuman","time":{"holiday: Tishrei 9, 5787 - Sunday, September 20, 2026":{"Candle Lighting | Fast Begins":"6:58 PM"},"holiday: Tishrei 10, 5787 - Monday, September 21, 2026":{"Holiday/Fast Ends":"7:51 PM"},"holiday: Tishrei 14, 5787 - Friday, September 25, 2026":{"Candle Lighting":"7:00 PM"},"holiday: Tishrei 15, 5787 - Saturday, September 26, 2026":{"Candle Lighting after":"7:53 PM"},"holiday: Tishrei 16, 5787 - Sunday, September 27, 2026":{"Holiday Ends":"7:54 PM"}},"url":"https://www.chabad.org/webservices/Zmanim/CandleLighting/Load_CandleLightingWeeks?locationid=837&locationtype=1&save=1&tdate=9-20-2026"},{"locationName":"chile - santiago","time":{"holiday: Tishrei 9, 5787 - Sunday, September 20, 2026":{"Candle Lighting | Fast Begins":"7:20 PM"},"holiday: Tishrei 10, 5787 - Monday, September 21, 2026":{"Holiday/Fast Ends":"8:15 PM"},"holiday: Tishrei 14, 5787 - Friday, September 25, 2026":{"Candle Lighting":"7:23 PM"},"holiday: Tishrei 15, 5787 - Saturday, September 26, 2026":{"Candle Lighting after":"8:19 PM"},"holiday: Tishrei 16, 5787 - Sunday, September 27, 2026":{"Holiday Ends":"8:20 PM"}},"url":"https://www.chabad.org/webservices/Zmanim/CandleLighting/Load_CandleLightingWeeks?locationid=482&locationtype=1&save=1&tdate=9-20-2026"},{"locationName":"colombia - bogota","time":{"holiday: Tishrei 9, 5787 - Sunday, September 20, 2026":{"Candle Lighting | Fast Begins":"5:35 PM"},"holiday: Tishrei 10, 5787 - Monday, September 21, 2026":{"Holiday/Fast Ends":"6:24 PM"},"holiday: Tishrei 14, 5787 - Friday, September 25, 2026":{"Candle Lighting":"5:33 PM"},"holiday: Tishrei 15, 5787 - Saturday, September 26, 2026":{"Candle Lighting after":"6:21 PM"},"holiday: Tishrei 16, 5787 - Sunday, September 27, 2026":{"Holiday Ends":"6:21 PM"}},"url":"https://www.chabad.org/webservices/Zmanim/CandleLighting/Load_CandleLightingWeeks?locationid=66&locationtype=1&save=1&tdate=9-20-2026"},{"locationName":"colombia - medellin","time":{"holiday: Tishrei 9, 5787 - Sunday, September 20, 2026":{"Candle Lighting | Fast Begins":"5:41 PM"},"holiday: Tishrei 10, 5787 - Monday, September 21, 2026":{"Holiday/Fast Ends":"6:30 PM"},"holiday: Tishrei 14, 5787 - Friday, September 25, 2026":{"Candle Lighting":"5:39 PM"},"holiday: Tishrei 15, 5787 - Saturday, September 26, 2026":{"Candle Lighting after":"6:27 PM"},"holiday: Tishrei 16, 5787 - Sunday, September 27, 2026":{"Holiday Ends":"6:27 PM"}},"url":"https://www.chabad.org/webservices/Zmanim/CandleLighting/Load_CandleLightingWeeks?locationid=326&locationtype=1&save=1&tdate=9-20-2026"},{"locationName":"costa rica - san jose","time":{"holiday: Tishrei 9, 5787 - Sunday, September 20, 2026":{"Candle Lighting | Fast Begins":"5:15 PM"},"holiday: Tishrei 10, 5787 - Monday, September 21, 2026":{"Holiday/Fast Ends":"6:04 PM"},"holiday: Tishrei 14, 5787 - Friday, September 25, 2026":{"Candle Lighting":"5:12 PM"},"holiday: Tishrei 15, 5787 - Saturday, September 26, 2026":{"Candle Lighting after":"6:01 PM"},"holiday: Tishrei 16, 5787 - Sunday, September 27, 2026":{"Holiday Ends":"6:00 PM"}},"url":"https://www.chabad.org/webservices/Zmanim/CandleLighting/Load_CandleLightingWeeks?locationid=621&locationtype=1&save=1&tdate=9-20-2026"},{"locationName":"españa - barcelona","time":{"holiday: Tishrei 9, 5787 - Sunday, September 20, 2026":{"Candle Lighting | Fast Begins":"7:34 PM"},"holiday: Tishrei 10, 5787 - Monday, September 21, 2026":{"Holiday/Fast Ends":"8:31 PM"},"holiday: Tishrei 14, 5787 - Friday, September 25, 2026":{"Candle Lighting":"7:26 PM"},"holiday: Tishrei 15, 5787 - Saturday, September 26, 2026":{"Candle Lighting after":"8:23 PM"},"holiday: Tishrei 16, 5787 - Sunday, September 27, 2026":{"Holiday Ends":"8:21 PM"}},"url":"https://www.chabad.org/webservices/Zmanim/CandleLighting/Load_CandleLightingWeeks?locationid=44&locationtype=1&save=1&tdate=9-20-2026"},{"locationName":"españa - madrid","time":{"holiday: Tishrei 9, 5787 - Sunday, September 20, 2026":{"Candle Lighting | Fast Begins":"7:57 PM"},"holiday: Tishrei 10, 5787 - Monday, September 21, 2026":{"Holiday/Fast Ends":"8:54 PM"},"holiday: Tishrei 14, 5787 - Friday, September 25, 2026":{"Candle Lighting":"7:49 PM"},"holiday: Tishrei 15, 5787 - Saturday, September 26, 2026":{"Candle Lighting after":"8:46 PM"},"holiday: Tishrei 16, 5787 - Sunday, September 27, 2026":{"Holiday Ends":"8:44 PM"}},"url":"https://www.chabad.org/webservices/Zmanim/CandleLighting/Load_CandleLightingWeeks?locationid=314&locationtype=1&save=1&tdate=9-20-2026"},{"locationName":"estados unidos - New York","time":{"holiday: Tishrei 9, 5787 - Sunday, September 20, 2026":{"Candle Lighting | Fast Begins":"6:38 PM"},"holiday: Tishrei 10, 5787 - Monday, September 21, 2026":{"Holiday/Fast Ends":"7:35 PM"},"holiday: Tishrei 14, 5787 - Friday, September 25, 2026":{"Candle Lighting":"6:30 PM"},"holiday: Tishrei 15, 5787 - Saturday, September 26, 2026":{"Candle Lighting after":"7:27 PM"},"holiday: Tishrei 16, 5787 - Sunday, September 27, 2026":{"Holiday Ends":"7:25 PM"}},"url":"https://www.chabad.org/webservices/Zmanim/CandleLighting/Load_CandleLightingWeeks?locationid=370&locationtype=1&save=1&tdate=9-20-2026"},{"locationName":"estados unidos - miami florida","time":{"holiday: Tishrei 9, 5787 - Sunday, September 20, 2026":{"Candle Lighting | Fast Begins":"7:01 PM"},"holiday: Tishrei 10, 5787 - Monday, September 21, 2026":{"Holiday/Fast Ends":"7:52 PM"},"holiday: Tishrei 14, 5787 - Friday, September 25, 2026":{"Candle Lighting":"6:56 PM"},"holiday: Tishrei 15, 5787 - Saturday, September 26, 2026":{"Candle Lighting after":"7:47 PM"},"holiday: Tishrei 16, 5787 - Sunday, September 27, 2026":{"Holiday Ends":"7:46 PM"}},"url":"https://www.chabad.org/webservices/Zmanim/CandleLighting/Load_CandleLightingWeeks?locationid=331&locationtype=1&save=1&tdate=9-20-2026"},{"locationName":"israel - raanana","time":{"holiday: Tishrei 9, 5787 - Sunday, September 20, 2026":{"Candle Lighting | Fast Begins":"6:20 PM"},"holiday: Tishrei 10, 5787 - Monday, September 21, 2026":{"Holiday/Fast Ends":"7:15 PM"},"holiday: Tishrei 14, 5787 - Friday, September 25, 2026":{"Candle Lighting":"6:13 PM"},"holiday: Tishrei 15, 5787 - Saturday, September 26, 2026":{"Shabbat/Holiday Ends":"7:08 PM"}},"url":"https://www.chabad.org/webservices/Zmanim/CandleLighting/Load_CandleLightingWeeks?locationid=937&locationtype=1&save=1&tdate=9-20-2026"},{"locationName":"israel - ierushalaim","time":{"holiday: Tishrei 9, 5787 - Sunday, September 20, 2026":{"Candle Lighting | Fast Begins":"5:59 PM"},"holiday: Tishrei 10, 5787 - Monday, September 21, 2026":{"Holiday/Fast Ends":"7:14 PM"},"holiday: Tishrei 14, 5787 - Friday, September 25, 2026":{"Candle Lighting":"5:52 PM"},"holiday: Tishrei 15, 5787 - Saturday, September 26, 2026":{"Shabbat/Holiday Ends":"7:07 PM"}},"url":"https://www.chabad.org/webservices/Zmanim/CandleLighting/Load_CandleLightingWeeks?locationid=247&locationtype=1&save=1&tdate=9-20-2026"},{"locationName":"israel - migdal haemek","time":{"holiday: Tishrei 9, 5787 - Sunday, September 20, 2026":{"Candle Lighting | Fast Begins":"6:09 PM"},"holiday: Tishrei 10, 5787 - Monday, September 21, 2026":{"Holiday/Fast Ends":"7:14 PM"},"holiday: Tishrei 14, 5787 - Friday, September 25, 2026":{"Candle Lighting":"6:02 PM"},"holiday: Tishrei 15, 5787 - Saturday, September 26, 2026":{"Shabbat/Holiday Ends":"7:07 PM"}},"url":"https://www.chabad.org/webservices/Zmanim/CandleLighting/Load_CandleLightingWeeks?locationid=1470&locationtype=1&save=1&tdate=9-20-2026"},{"locationName":"mexico - mexico city","time":{"holiday: Tishrei 9, 5787 - Sunday, September 20, 2026":{"Candle Lighting | Fast Begins":"6:16 PM"},"holiday: Tishrei 10, 5787 - Monday, September 21, 2026":{"Holiday/Fast Ends":"7:06 PM"},"holiday: Tishrei 14, 5787 - Friday, September 25, 2026":{"Candle Lighting":"6:12 PM"},"holiday: Tishrei 15, 5787 - Saturday, September 26, 2026":{"Candle Lighting after":"7:02 PM"},"holiday: Tishrei 16, 5787 - Sunday, September 27, 2026":{"Holiday Ends":"7:01 PM"}},"url":"https://www.chabad.org/webservices/Zmanim/CandleLighting/Load_CandleLightingWeeks?locationid=330&locationtype=1&save=1&tdate=9-20-2026"},{"locationName":"panama - panama city","time":{"holiday: Tishrei 9, 5787 - Sunday, September 20, 2026":{"Candle Lighting | Fast Begins":"5:57 PM"},"holiday: Tishrei 10, 5787 - Monday, September 21, 2026":{"Holiday/Fast Ends":"6:46 PM"},"holiday: Tishrei 14, 5787 - Friday, September 25, 2026":{"Candle Lighting":"5:54 PM"},"holiday: Tishrei 15, 5787 - Saturday, September 26, 2026":{"Candle Lighting after":"6:43 PM"},"holiday: Tishrei 16, 5787 - Sunday, September 27, 2026":{"Holiday Ends":"6:42 PM"}},"url":"https://www.chabad.org/webservices/Zmanim/CandleLighting/Load_CandleLightingWeeks?locationid=392&locationtype=1&save=1&tdate=9-20-2026"},{"locationName":"peru - lima","time":{"holiday: Tishrei 9, 5787 - Sunday, September 20, 2026":{"Candle Lighting | Fast Begins":"5:46 PM"},"holiday: Tishrei 10, 5787 - Monday, September 21, 2026":{"Holiday/Fast Ends":"6:36 PM"},"holiday: Tishrei 14, 5787 - Friday, September 25, 2026":{"Candle Lighting":"5:46 PM"},"holiday: Tishrei 15, 5787 - Saturday, September 26, 2026":{"Candle Lighting after":"6:36 PM"},"holiday: Tishrei 16, 5787 - Sunday, September 27, 2026":{"Holiday Ends":"6:36 PM"}},"url":"https://www.chabad.org/webservices/Zmanim/CandleLighting/Load_CandleLightingWeeks?locationid=295&locationtype=1&save=1&tdate=9-20-2026"},{"locationName":"uruguay - montevideo","time":{"holiday: Tishrei 9, 5787 - Sunday, September 20, 2026":{"Candle Lighting | Fast Begins":"6:22 PM"},"holiday: Tishrei 10, 5787 - Monday, September 21, 2026":{"Holiday/Fast Ends":"7:18 PM"},"holiday: Tishrei 14, 5787 - Friday, September 25, 2026":{"Candle Lighting":"6:25 PM"},"holiday: Tishrei 15, 5787 - Saturday, September 26, 2026":{"Candle Lighting after":"7:22 PM"},"holiday: Tishrei 16, 5787 - Sunday, September 27, 2026":{"Holiday Ends":"7:23 PM"}},"url":"https://www.chabad.org/webservices/Zmanim/CandleLighting/Load_CandleLightingWeeks?locationid=342&locationtype=1&save=1&tdate=9-20-2026"},{"locationName":"venezuela - caracas","time":{"holiday: Tishrei 9, 5787 - Sunday, September 20, 2026":{"Candle Lighting | Fast Begins":"6:07 PM"},"holiday: Tishrei 10, 5787 - Monday, September 21, 2026":{"Holiday/Fast Ends":"6:55 PM"},"holiday: Tishrei 14, 5787 - Friday, September 25, 2026":{"Candle Lighting":"6:04 PM"},"holiday: Tishrei 15, 5787 - Saturday, September 26, 2026":{"Candle Lighting after":"6:52 PM"},"holiday: Tishrei 16, 5787 - Sunday, September 27, 2026":{"Holiday Ends":"6:52 PM"}},"url":"https://www.chabad.org/webservices/Zmanim/CandleLighting/Load_CandleLightingWeeks?locationid=105&locationtype=1&save=1&tdate=9-20-2026"}]}