{"parasha":"Sukkot - Vezot Hab'rachah","study":[{"day":0,"data":{"3 Chapters:":"Kelim - Chapter 24, Kelim - Chapter 25, Kelim - Chapter 26","1 Chapter:":"Gerushin - Chapter Six","Daily Mitzvah:":"Day 237: Positive Commandment 96","date":"Sunday, 16 Tishrei 5787 / September 27, 2026","jumashPortion":"Parshat Vezot Hab'rachah, 1st Portion (Devarim (Deuteronomy) 33:1-33:7)","tehilimPortion":"Chapters 79-82","taniaPortion":"Tanya"}},{"day":1,"data":{"3 Chapters:":"Kelim - Chapter 27, Kelim - Chapter 28, Mikvaot - Chapter 1","1 Chapter:":"Gerushin - Chapter Seven","Daily Mitzvah:":"Day 238: Positive Commandment 109","date":"Monday, 17 Tishrei 5787 / September 28, 2026","jumashPortion":"Parshat Vezot Hab'rachah, 2nd Portion (Devarim (Deuteronomy) 33:8-33:12)","tehilimPortion":"Chapters 83-87","taniaPortion":"Tanya"}},{"day":2,"data":{"3 Chapters:":"Mikvaot - Chapter 2, Mikvaot - Chapter 3, Mikvaot - Chapter 4","1 Chapter:":"Gerushin - Chapter Eight","Daily Mitzvah:":"Day 239: Positive Commandment 109","date":"Tuesday, 18 Tishrei 5787 / September 29, 2026","jumashPortion":"Parshat Vezot Hab'rachah, 3rd Portion (Devarim (Deuteronomy) 33:13-33:17)","tehilimPortion":"Chapters 88-89","taniaPortion":"Tanya"}},{"day":3,"data":{"3 Chapters:":"Mikvaot - Chapter 5, Mikvaot - Chapter 6, Mikvaot - Chapter 7","1 Chapter:":"Gerushin - Chapter Nine","Daily Mitzvah:":"Day 240: Positive Commandment 109","date":"Wednesday, 19 Tishrei 5787 / September 30, 2026","jumashPortion":"Parshat Vezot Hab'rachah, 4th Portion (Devarim (Deuteronomy) 33:18-33:21)","tehilimPortion":"Chapters 90-96","taniaPortion":"Tanya"}},{"day":4,"data":{"3 Chapters:":"Mikvaot - Chapter 8, Mikvaot - Chapter 9, Mikvaot - Chapter 10","1 Chapter:":"Gerushin - Chapter Ten","Daily Mitzvah:":"Day 241: Positive Commandment 109","date":"Thursday, 20 Tishrei 5787 / October 1, 2026","jumashPortion":"Parshat Vezot Hab'rachah, 5th Portion (Devarim (Deuteronomy) 33:22-33:26)","tehilimPortion":"Chapters 97-103","taniaPortion":"Tanya"}},{"day":5,"data":{"3 Chapters:":"Mikvaot - Chapter 11, Hilchot Nizkei Mamon - Chapter One, Hilchot Nizkei Mamon - Chapter Two","1 Chapter:":"Gerushin - Chapter Eleven","Daily Mitzvah:":"Day 242: Positive Commandment 109, 237","date":"Friday, 21 Tishrei 5787 / October 2, 2026","jumashPortion":"Parshat Vezot Hab'rachah, 6th Portion (Devarim (Deuteronomy) 33:27-33:29)","tehilimPortion":"Chapters 104-105","taniaPortion":"Tanya"}},{"day":6,"data":{"3 Chapters:":"Hilchot Nizkei Mamon - Chapter Three, Hilchot Nizkei Mamon - Chapter Four, Hilchot Nizkei Mamon - Chapter Five","1 Chapter:":"Gerushin - Chapter Twelve","Daily Mitzvah:":"Day 243: Positive Commandment 240","date":"Shabbat, 22 Tishrei 5787 / October 3, 2026","jumashPortion":"Parshat Vezot Hab'rachah, 7th Portion (Devarim (Deuteronomy) 34:1-34:12)","tehilimPortion":"Chapters 106-107","taniaPortion":"Tanya"}}],"velas":[{"locationName":"argentina - buenos aires","time":{"holiday: Tishrei 14, 5787 - Friday, September 25, 2026":{"Candle Lighting":"6:35 PM"},"holiday: Tishrei 15, 5787 - Saturday, September 26, 2026":{"Candle Lighting after":"7:31 PM"},"holiday: Tishrei 16, 5787 - Sunday, September 27, 2026":{"Holiday Ends":"7:31 PM"},"holiday: Tishrei 21, 5787 - Friday, October 2, 2026":{"Candle Lighting":"6:40 PM"},"holiday: Tishrei 22, 5787 - Saturday, October 3, 2026":{"Candle Lighting after":"7:36 PM"},"holiday: Tishrei 23, 5787 - Sunday, October 4, 2026":{"Holiday Ends":"7:37 PM"}},"url":"https://www.chabad.org/webservices/Zmanim/CandleLighting/Load_CandleLightingWeeks?locationid=90&locationtype=1&save=1&tdate=9-27-2026"},{"locationName":"argentina - cordoba","time":{"holiday: Tishrei 14, 5787 - Friday, September 25, 2026":{"Candle Lighting":"6:57 PM"},"holiday: Tishrei 15, 5787 - Saturday, September 26, 2026":{"Candle Lighting after":"7:52 PM"},"holiday: Tishrei 16, 5787 - Sunday, September 27, 2026":{"Holiday Ends":"7:52 PM"},"holiday: Tishrei 21, 5787 - Friday, October 2, 2026":{"Candle Lighting":"7:01 PM"},"holiday: Tishrei 22, 5787 - Saturday, October 3, 2026":{"Candle Lighting after":"7:56 PM"},"holiday: Tishrei 23, 5787 - Sunday, October 4, 2026":{"Holiday Ends":"7:57 PM"}},"url":"https://www.chabad.org/webservices/Zmanim/CandleLighting/Load_CandleLightingWeeks?locationid=135&locationtype=1&save=1&tdate=9-27-2026"},{"locationName":"argentina - rosario","time":{"holiday: Tishrei 14, 5787 - Friday, September 25, 2026":{"Candle Lighting":"6:43 PM"},"holiday: Tishrei 15, 5787 - Saturday, September 26, 2026":{"Candle Lighting after":"7:38 PM"},"holiday: Tishrei 16, 5787 - Sunday, September 27, 2026":{"Holiday Ends":"7:39 PM"},"holiday: Tishrei 21, 5787 - Friday, October 2, 2026":{"Candle Lighting":"6:48 PM"},"holiday: Tishrei 22, 5787 - Saturday, October 3, 2026":{"Candle Lighting after":"7:43 PM"},"holiday: Tishrei 23, 5787 - Sunday, October 4, 2026":{"Holiday Ends":"7:44 PM"}},"url":"https://www.chabad.org/webservices/Zmanim/CandleLighting/Load_CandleLightingWeeks?locationid=746&locationtype=1&save=1&tdate=9-27-2026"},{"locationName":"argentina - tucuman","time":{"holiday: Tishrei 14, 5787 - Friday, September 25, 2026":{"Candle Lighting":"7:00 PM"},"holiday: Tishrei 15, 5787 - Saturday, September 26, 2026":{"Candle Lighting after":"7:53 PM"},"holiday: Tishrei 16, 5787 - Sunday, September 27, 2026":{"Holiday Ends":"7:54 PM"},"holiday: Tishrei 21, 5787 - Friday, October 2, 2026":{"Candle Lighting":"7:04 PM"},"holiday: Tishrei 22, 5787 - Saturday, October 3, 2026":{"Candle Lighting after":"7:57 PM"},"holiday: Tishrei 23, 5787 - Sunday, October 4, 2026":{"Holiday Ends":"7:57 PM"}},"url":"https://www.chabad.org/webservices/Zmanim/CandleLighting/Load_CandleLightingWeeks?locationid=837&locationtype=1&save=1&tdate=9-27-2026"},{"locationName":"chile - santiago","time":{"holiday: Tishrei 14, 5787 - Friday, September 25, 2026":{"Candle Lighting":"7:23 PM"},"holiday: Tishrei 15, 5787 - Saturday, September 26, 2026":{"Candle Lighting after":"8:19 PM"},"holiday: Tishrei 16, 5787 - Sunday, September 27, 2026":{"Holiday Ends":"8:20 PM"},"holiday: Tishrei 21, 5787 - Friday, October 2, 2026":{"Candle Lighting":"7:28 PM"},"holiday: Tishrei 22, 5787 - Saturday, October 3, 2026":{"Candle Lighting after":"8:24 PM"},"holiday: Tishrei 23, 5787 - Sunday, October 4, 2026":{"Holiday Ends":"8:25 PM"}},"url":"https://www.chabad.org/webservices/Zmanim/CandleLighting/Load_CandleLightingWeeks?locationid=482&locationtype=1&save=1&tdate=9-27-2026"},{"locationName":"colombia - bogota","time":{"holiday: Tishrei 14, 5787 - Friday, September 25, 2026":{"Candle Lighting":"5:33 PM"},"holiday: Tishrei 15, 5787 - Saturday, September 26, 2026":{"Candle Lighting after":"6:21 PM"},"holiday: Tishrei 16, 5787 - Sunday, September 27, 2026":{"Holiday Ends":"6:21 PM"},"holiday: Tishrei 21, 5787 - Friday, October 2, 2026":{"Candle Lighting":"5:30 PM"},"holiday: Tishrei 22, 5787 - Saturday, October 3, 2026":{"Candle Lighting after":"6:18 PM"},"holiday: Tishrei 23, 5787 - Sunday, October 4, 2026":{"Holiday Ends":"6:18 PM"}},"url":"https://www.chabad.org/webservices/Zmanim/CandleLighting/Load_CandleLightingWeeks?locationid=66&locationtype=1&save=1&tdate=9-27-2026"},{"locationName":"colombia - medellin","time":{"holiday: Tishrei 14, 5787 - Friday, September 25, 2026":{"Candle Lighting":"5:39 PM"},"holiday: Tishrei 15, 5787 - Saturday, September 26, 2026":{"Candle Lighting after":"6:27 PM"},"holiday: Tishrei 16, 5787 - Sunday, September 27, 2026":{"Holiday Ends":"6:27 PM"},"holiday: Tishrei 21, 5787 - Friday, October 2, 2026":{"Candle Lighting":"5:35 PM"},"holiday: Tishrei 22, 5787 - Saturday, October 3, 2026":{"Candle Lighting after":"6:24 PM"},"holiday: Tishrei 23, 5787 - Sunday, October 4, 2026":{"Holiday Ends":"6:23 PM"}},"url":"https://www.chabad.org/webservices/Zmanim/CandleLighting/Load_CandleLightingWeeks?locationid=326&locationtype=1&save=1&tdate=9-27-2026"},{"locationName":"costa rica - san jose","time":{"holiday: Tishrei 14, 5787 - Friday, September 25, 2026":{"Candle Lighting":"5:12 PM"},"holiday: Tishrei 15, 5787 - Saturday, September 26, 2026":{"Candle Lighting after":"6:01 PM"},"holiday: Tishrei 16, 5787 - Sunday, September 27, 2026":{"Holiday Ends":"6:00 PM"},"holiday: Tishrei 21, 5787 - Friday, October 2, 2026":{"Candle Lighting":"5:08 PM"},"holiday: Tishrei 22, 5787 - Saturday, October 3, 2026":{"Candle Lighting after":"5:57 PM"},"holiday: Tishrei 23, 5787 - Sunday, October 4, 2026":{"Holiday Ends":"5:56 PM"}},"url":"https://www.chabad.org/webservices/Zmanim/CandleLighting/Load_CandleLightingWeeks?locationid=621&locationtype=1&save=1&tdate=9-27-2026"},{"locationName":"españa - barcelona","time":{"holiday: Tishrei 14, 5787 - Friday, September 25, 2026":{"Candle Lighting":"7:26 PM"},"holiday: Tishrei 15, 5787 - Saturday, September 26, 2026":{"Candle Lighting after":"8:23 PM"},"holiday: Tishrei 16, 5787 - Sunday, September 27, 2026":{"Holiday Ends":"8:21 PM"},"holiday: Tishrei 21, 5787 - Friday, October 2, 2026":{"Candle Lighting":"7:14 PM"},"holiday: Tishrei 22, 5787 - Saturday, October 3, 2026":{"Candle Lighting after":"8:11 PM"},"holiday: Tishrei 23, 5787 - Sunday, October 4, 2026":{"Holiday Ends":"8:09 PM"}},"url":"https://www.chabad.org/webservices/Zmanim/CandleLighting/Load_CandleLightingWeeks?locationid=44&locationtype=1&save=1&tdate=9-27-2026"},{"locationName":"españa - madrid","time":{"holiday: Tishrei 14, 5787 - Friday, September 25, 2026":{"Candle Lighting":"7:49 PM"},"holiday: Tishrei 15, 5787 - Saturday, September 26, 2026":{"Candle Lighting after":"8:46 PM"},"holiday: Tishrei 16, 5787 - Sunday, September 27, 2026":{"Holiday Ends":"8:44 PM"},"holiday: Tishrei 21, 5787 - Friday, October 2, 2026":{"Candle Lighting":"7:37 PM"},"holiday: Tishrei 22, 5787 - Saturday, October 3, 2026":{"Candle Lighting after":"8:34 PM"},"holiday: Tishrei 23, 5787 - Sunday, October 4, 2026":{"Holiday Ends":"8:32 PM"}},"url":"https://www.chabad.org/webservices/Zmanim/CandleLighting/Load_CandleLightingWeeks?locationid=314&locationtype=1&save=1&tdate=9-27-2026"},{"locationName":"estados unidos - New York","time":{"holiday: Tishrei 14, 5787 - Friday, September 25, 2026":{"Candle Lighting":"6:30 PM"},"holiday: Tishrei 15, 5787 - Saturday, September 26, 2026":{"Candle Lighting after":"7:27 PM"},"holiday: Tishrei 16, 5787 - Sunday, September 27, 2026":{"Holiday Ends":"7:25 PM"},"holiday: Tishrei 21, 5787 - Friday, October 2, 2026":{"Candle Lighting":"6:18 PM"},"holiday: Tishrei 22, 5787 - Saturday, October 3, 2026":{"Candle Lighting after":"7:15 PM"},"holiday: Tishrei 23, 5787 - Sunday, October 4, 2026":{"Holiday Ends":"7:13 PM"}},"url":"https://www.chabad.org/webservices/Zmanim/CandleLighting/Load_CandleLightingWeeks?locationid=370&locationtype=1&save=1&tdate=9-27-2026"},{"locationName":"estados unidos - miami florida","time":{"holiday: Tishrei 14, 5787 - Friday, September 25, 2026":{"Candle Lighting":"6:56 PM"},"holiday: Tishrei 15, 5787 - Saturday, September 26, 2026":{"Candle Lighting after":"7:47 PM"},"holiday: Tishrei 16, 5787 - Sunday, September 27, 2026":{"Holiday Ends":"7:46 PM"},"holiday: Tishrei 21, 5787 - Friday, October 2, 2026":{"Candle Lighting":"6:48 PM"},"holiday: Tishrei 22, 5787 - Saturday, October 3, 2026":{"Candle Lighting after":"7:39 PM"},"holiday: Tishrei 23, 5787 - Sunday, October 4, 2026":{"Holiday Ends":"7:38 PM"}},"url":"https://www.chabad.org/webservices/Zmanim/CandleLighting/Load_CandleLightingWeeks?locationid=331&locationtype=1&save=1&tdate=9-27-2026"},{"locationName":"israel - raanana","time":{"holiday: Tishrei 21, 5787 - Friday, October 2, 2026":{"Candle Lighting":"6:04 PM"},"holiday: Tishrei 22, 5787 - Saturday, October 3, 2026":{"Shabbat/Holiday Ends":"6:59 PM"},"shabbat: Tishrei 28, 5787 - Friday, October 9, 2026":{"Candle Lighting":"5:55 PM"},"shabbat: Tishrei 29, 5787 - Saturday, October 10, 2026":{"Shabbat Ends":"6:51 PM"}},"url":"https://www.chabad.org/webservices/Zmanim/CandleLighting/Load_CandleLightingWeeks?locationid=937&locationtype=1&save=1&tdate=9-27-2026"},{"locationName":"israel - ierushalaim","time":{"holiday: Tishrei 21, 5787 - Friday, October 2, 2026":{"Candle Lighting":"5:43 PM"},"holiday: Tishrei 22, 5787 - Saturday, October 3, 2026":{"Shabbat/Holiday Ends":"6:58 PM"},"shabbat: Tishrei 28, 5787 - Friday, October 9, 2026":{"Candle Lighting":"5:34 PM"},"shabbat: Tishrei 29, 5787 - Saturday, October 10, 2026":{"Shabbat Ends":"6:49 PM"}},"url":"https://www.chabad.org/webservices/Zmanim/CandleLighting/Load_CandleLightingWeeks?locationid=247&locationtype=1&save=1&tdate=9-27-2026"},{"locationName":"israel - migdal haemek","time":{"holiday: Tishrei 21, 5787 - Friday, October 2, 2026":{"Candle Lighting":"5:53 PM"},"holiday: Tishrei 22, 5787 - Saturday, October 3, 2026":{"Shabbat/Holiday Ends":"6:58 PM"},"shabbat: Tishrei 28, 5787 - Friday, October 9, 2026":{"Candle Lighting":"5:44 PM"},"shabbat: Tishrei 29, 5787 - Saturday, October 10, 2026":{"Shabbat Ends":"6:49 PM"}},"url":"https://www.chabad.org/webservices/Zmanim/CandleLighting/Load_CandleLightingWeeks?locationid=1470&locationtype=1&save=1&tdate=9-27-2026"},{"locationName":"mexico - mexico city","time":{"holiday: Tishrei 14, 5787 - Friday, September 25, 2026":{"Candle Lighting":"6:12 PM"},"holiday: Tishrei 15, 5787 - Saturday, September 26, 2026":{"Candle Lighting after":"7:02 PM"},"holiday: Tishrei 16, 5787 - Sunday, September 27, 2026":{"Holiday Ends":"7:01 PM"},"holiday: Tishrei 21, 5787 - Friday, October 2, 2026":{"Candle Lighting":"6:06 PM"},"holiday: Tishrei 22, 5787 - Saturday, October 3, 2026":{"Candle Lighting after":"6:56 PM"},"holiday: Tishrei 23, 5787 - Sunday, October 4, 2026":{"Holiday Ends":"6:55 PM"}},"url":"https://www.chabad.org/webservices/Zmanim/CandleLighting/Load_CandleLightingWeeks?locationid=330&locationtype=1&save=1&tdate=9-27-2026"},{"locationName":"panama - panama city","time":{"holiday: Tishrei 14, 5787 - Friday, September 25, 2026":{"Candle Lighting":"5:54 PM"},"holiday: Tishrei 15, 5787 - Saturday, September 26, 2026":{"Candle Lighting after":"6:43 PM"},"holiday: Tishrei 16, 5787 - Sunday, September 27, 2026":{"Holiday Ends":"6:42 PM"},"holiday: Tishrei 21, 5787 - Friday, October 2, 2026":{"Candle Lighting":"5:50 PM"},"holiday: Tishrei 22, 5787 - Saturday, October 3, 2026":{"Candle Lighting after":"6:39 PM"},"holiday: Tishrei 23, 5787 - Sunday, October 4, 2026":{"Holiday Ends":"6:38 PM"}},"url":"https://www.chabad.org/webservices/Zmanim/CandleLighting/Load_CandleLightingWeeks?locationid=392&locationtype=1&save=1&tdate=9-27-2026"},{"locationName":"peru - lima","time":{"holiday: Tishrei 14, 5787 - Friday, September 25, 2026":{"Candle Lighting":"5:46 PM"},"holiday: Tishrei 15, 5787 - Saturday, September 26, 2026":{"Candle Lighting after":"6:36 PM"},"holiday: Tishrei 16, 5787 - Sunday, September 27, 2026":{"Holiday Ends":"6:36 PM"},"holiday: Tishrei 21, 5787 - Friday, October 2, 2026":{"Candle Lighting":"5:46 PM"},"holiday: Tishrei 22, 5787 - Saturday, October 3, 2026":{"Candle Lighting after":"6:36 PM"},"holiday: Tishrei 23, 5787 - Sunday, October 4, 2026":{"Holiday Ends":"6:36 PM"}},"url":"https://www.chabad.org/webservices/Zmanim/CandleLighting/Load_CandleLightingWeeks?locationid=295&locationtype=1&save=1&tdate=9-27-2026"},{"locationName":"uruguay - montevideo","time":{"holiday: Tishrei 14, 5787 - Friday, September 25, 2026":{"Candle Lighting":"6:25 PM"},"holiday: Tishrei 15, 5787 - Saturday, September 26, 2026":{"Candle Lighting after":"7:22 PM"},"holiday: Tishrei 16, 5787 - Sunday, September 27, 2026":{"Holiday Ends":"7:23 PM"},"holiday: Tishrei 21, 5787 - Friday, October 2, 2026":{"Candle Lighting":"6:31 PM"},"holiday: Tishrei 22, 5787 - Saturday, October 3, 2026":{"Candle Lighting after":"7:27 PM"},"holiday: Tishrei 23, 5787 - Sunday, October 4, 2026":{"Holiday Ends":"7:28 PM"}},"url":"https://www.chabad.org/webservices/Zmanim/CandleLighting/Load_CandleLightingWeeks?locationid=342&locationtype=1&save=1&tdate=9-27-2026"},{"locationName":"venezuela - caracas","time":{"holiday: Tishrei 14, 5787 - Friday, September 25, 2026":{"Candle Lighting":"6:04 PM"},"holiday: Tishrei 15, 5787 - Saturday, September 26, 2026":{"Candle Lighting after":"6:52 PM"},"holiday: Tishrei 16, 5787 - Sunday, September 27, 2026":{"Holiday Ends":"6:52 PM"},"holiday: Tishrei 21, 5787 - Friday, October 2, 2026":{"Candle Lighting":"5:59 PM"},"holiday: Tishrei 22, 5787 - Saturday, October 3, 2026":{"Candle Lighting after":"6:48 PM"},"holiday: Tishrei 23, 5787 - Sunday, October 4, 2026":{"Holiday Ends":"6:47 PM"}},"url":"https://www.chabad.org/webservices/Zmanim/CandleLighting/Load_CandleLightingWeeks?locationid=105&locationtype=1&save=1&tdate=9-27-2026"}]}